it,int, long int, float, double, long double
1,1,1,1,1,'1'
2,2,2,2,2,'2'
3,6,6,6,6,'6'
4,24,24,24,24,'24'
5,120,120,120,120,'120'
6,720,720,720,720,'720'
7,5040,5040,5040,5040,'5040'
8,40320,40320,40320,40320,'40320'
9,362880,362880,362880,362880,'362880'
10,3628800,3628800,3628800,3628800,'3628800'
11,39916800,39916800,39916800,39916800,'39916800'
12,479001600,479001600,479001600,479001600,'479001600'
13,1932053504,6227020800,6227020800,6227020800,'6227020800'
14,1278945280,87178291200,87178289152,87178291200,'87178291200'
15,2004310016,1307674368000,1307674279936,1307674368000,'1307674368000'
16,2004189184,20922789888000,20922788478976,20922789888000,'20922789888000'
17,4006445056,355687428096000,355687414628352,355687428096000,'355687428096000'
18,3396534272,6402373705728000,6402373530419200,6402373705728000,'6402373705728000'
19,109641728,121645100408832000,121645096004222976,121645100408832000,'121645100408832000'
20,2192834560,2432902008176640000,2.43290202316367462e+18,2.43290200817664e+18,'2.43290200817664e+18'
21,3099852800,14197454024290336768,5.10909408371697254e+19,5.109094217170944e+19,'5.109094217170944e+19'
22,3772252160,17196083355034583040,1.12400072480601303e+21,1.12400072777760768e+21,'1.12400072777760768e+21'
23,862453760,8128291617894825984,2.58520174445944856e+22,2.58520167388849782e+22,'2.58520167388849766e+22'
24,3519021056,10611558092380307456,6.20448454699064672e+23,6.2044840173323941e+23,'6.20448401733239439e+23'
25,2076180480,7034535277573963776,1.55112110792462407e+25,1.55112100433309861e+25,'1.5511210043330986e+25'
26,2441084928,16877220553537093632,4.03291499589617303e+26,4.0329146112660565e+26,'4.03291461126605636e+26'
27,1484783616,12963097176472289280,1.08888704151326909e+28,1.08888694504183519e+28,'1.08888694504183522e+28'
28,2919235584,12478583540742619136,3.04888371623715345e+29,3.04888344611713837e+29,'3.04888344611713861e+29'
29,3053453312,11390785281054474240,8.84176307931919991e+30,8.84176199373970077e+30,'8.84176199373970195e+30'
30,1409286144,9682165104862298112,2.65252889961724358e+32,2.65252859812191032e+32,'2.65252859812191059e+32'
31,738197504,4999213071378415616,8.22283968552752067e+33,8.22283865417792243e+33,'8.22283865417792282e+33'
32,2147483648,12400865694432886784,2.63130869936880661e+35,2.63130836933693518e+35,'2.6313083693369353e+35'
33,2147483648,3400198294675128320,8.68331850984665554e+36,8.68331761881188594e+36,'8.6833176188118865e+36'
34,0,4926277576697053184,2.95232822996533287e+38,2.9523279903960412e+38,'2.95232799039604141e+38'
35,0,6399018521010896896,inf,1.03331479663861442e+40,'1.03331479663861449e+40'
36,0,9003737871877668864,inf,3.71993326789901177e+41,'3.71993326789901217e+41'
37,0,1096907932701818880,inf,1.37637530912263431e+43,'1.3763753091226345e+43'
38,0,4789013295250014208,inf,5.23022617466601038e+44,'5.23022617466601112e+44'
39,0,2304077777655037952,inf,2.03978820811974416e+46,'2.03978820811974434e+46'
40,0,18376134811363311616,inf,8.15915283247897684e+47,'8.15915283247897734e+47'
41,0,15551764317513711616,inf,3.34525266131638028e+49,'3.34525266131638071e+49'
42,0,7538058755741581312,inf,1.40500611775287979e+51,'1.4050061177528799e+51'
43,0,10541877243825618944,inf,6.04152630633738341e+52,'6.04152630633738356e+52'
44,0,2673996885588443136,inf,2.65827157478844853e+54,'2.65827157478844877e+54'
45,0,9649395409222631424,inf,1.19622220865480189e+56,'1.19622220865480195e+56'
46,0,1150331055211806720,inf,5.50262215981208846e+57,'5.50262215981208895e+57'
47,0,17172071447535812608,inf,2.58623241511168178e+59,'2.58623241511168181e+59'
48,0,12602690238498734080,inf,1.24139155925360725e+61,'1.24139155925360727e+61'
49,0,8789267254022766592,inf,6.08281864034267522e+62,'6.08281864034267561e+62'
50,0,15188249005818642432,inf,3.04140932017133756e+64,'3.0414093201713378e+64'
51,0,18284192274659147776,inf,1.55111875328738219e+66,'1.55111875328738228e+66'
52,0,9994050523088551936,inf,8.06581751709438768e+67,'8.06581751709438786e+67'
53,0,13175843659825807360,inf,4.27488328406002548e+69,'4.27488328406002556e+69'
54,0,10519282829630636032,inf,2.30843697339241379e+71,'2.3084369733924138e+71'
55,0,6711489344688881664,inf,1.26964033536582764e+73,'1.26964033536582759e+73'
56,0,6908521828386340864,inf,7.10998587804863481e+74,'7.10998587804863452e+74'
57,0,6404118670120845312,inf,4.05269195048772205e+76,'4.05269195048772167e+76'
58,0,2504001392817995776,inf,2.35056133128287891e+78,'2.35056133128287857e+78'
59,0,162129586585337856,inf,1.38683118545689865e+80,'1.38683118545689836e+80'
60,0,9727775195120271360,inf,8.32098711274139158e+81,'8.32098711274139014e+81'
61,0,3098476543630901248,inf,5.07580213877224836e+83,'5.07580213877224799e+83'
62,0,7638104968020361216,inf,3.14699732603879394e+85,'3.14699732603879375e+85'
63,0,1585267068834414592,inf,1.98260831540444008e+87,'1.98260831540444006e+87'
64,0,9223372036854775808,inf,1.26886932185884165e+89,'1.26886932185884164e+89'
65,0,9223372036854775808,inf,8.24765059208247152e+90,'8.24765059208247067e+90'
66,0,0,inf,5.44344939077443069e+92,'5.44344939077443064e+92'
67,0,0,inf,3.64711109181886832e+94,'3.64711109181886853e+94'
68,0,0,inf,2.48003554243683055e+96,'2.4800355424368306e+96'
69,0,0,inf,1.71122452428141297e+98,'1.71122452428141311e+98'
70,0,0,inf,1.19785716699698903e+100,'1.19785716699698918e+100'
71,0,0,inf,8.50478588567862176e+101,'8.50478588567862317e+101'
72,0,0,inf,6.12344583768860767e+103,'6.12344583768860868e+103'
73,0,0,inf,4.47011546151268337e+105,'4.47011546151268434e+105'
74,0,0,inf,3.30788544151938559e+107,'3.30788544151938641e+107'
75,0,0,inf,2.48091408113953914e+109,'2.48091408113953981e+109'
76,0,0,inf,1.88549470166604985e+111,'1.88549470166605025e+111'
77,0,0,inf,1.45183092028285838e+113,'1.4518309202828587e+113'
78,0,0,inf,1.13242811782062946e+115,'1.13242811782062978e+115'
79,0,0,inf,8.94618213078297291e+116,'8.94618213078297529e+116'
80,0,0,inf,7.15694570462637788e+118,'7.15694570462638023e+118'
81,0,0,inf,5.79712602074736555e+120,'5.79712602074736798e+120'
82,0,0,inf,4.75364333701283982e+122,'4.75364333701284175e+122'
83,0,0,inf,3.94552396972065691e+124,'3.94552396972065865e+124'
84,0,0,inf,3.31424013456535199e+126,'3.31424013456535327e+126'
85,0,0,inf,2.81710411438054936e+128,'2.81710411438055028e+128'
86,0,0,inf,2.42270953836727243e+130,'2.42270953836727324e+130'
87,0,0,inf,2.10775729837952691e+132,'2.10775729837952772e+132'
88,0,0,inf,1.85482642257398355e+134,'1.85482642257398439e+134'
89,0,0,inf,1.65079551609084525e+136,'1.65079551609084611e+136'
90,0,0,inf,1.48571596448176069e+138,'1.4857159644817615e+138'
91,0,0,inf,1.35200152767840228e+140,'1.35200152767840296e+140'
92,0,0,inf,1.24384140546413001e+142,'1.24384140546413073e+142'
93,0,0,inf,1.15677250708164087e+144,'1.15677250708164157e+144'
94,0,0,inf,1.08736615665674241e+146,'1.08736615665674308e+146'
95,0,0,inf,1.03299784882390522e+148,'1.03299784882390593e+148'
96,0,0,inf,9.91677934870949103e+149,'9.91677934870949689e+149'
97,0,0,inf,9.61927596824820622e+151,'9.61927596824821198e+151'
98,0,0,inf,9.42689044888324203e+153,'9.42689044888324774e+153'
99,0,0,inf,9.33262154439440961e+155,'9.33262154439441526e+155'
100,0,0,inf,9.33262154439441022e+157,'9.33262154439441526e+157'
101,0,0,inf,9.42594775983835364e+159,'9.42594775983835942e+159'
102,0,0,inf,9.61446671503512109e+161,'9.61446671503512661e+161'
103,0,0,inf,9.90290071648617536e+163,'9.9029007164861804e+163'
104,0,0,inf,1.02990167451456216e+166,'1.02990167451456276e+166'
105,0,0,inf,1.08139675824029035e+168,'1.0813967582402909e+168'
106,0,0,inf,1.14628056373470783e+170,'1.14628056373470835e+170'
107,0,0,inf,1.22652020319613732e+172,'1.22652020319613794e+172'
108,0,0,inf,1.32464181945182836e+174,'1.32464181945182897e+174'
109,0,0,inf,1.44385958320249282e+176,'1.44385958320249358e+176'
110,0,0,inf,1.58824554152274213e+178,'1.58824554152274294e+178'
111,0,0,inf,1.76295255109024367e+180,'1.76295255109024466e+180'
112,0,0,inf,1.97450685722107283e+182,'1.97450685722107402e+182'
113,0,0,inf,2.23119274865981226e+184,'2.23119274865981365e+184'
114,0,0,inf,2.54355973347218621e+186,'2.54355973347218756e+186'
115,0,0,inf,2.92509369349301414e+188,'2.92509369349301569e+188'
116,0,0,inf,3.3931086844518965e+190,'3.3931086844518982e+190'
117,0,0,inf,3.96993716080871904e+192,'3.96993716080872089e+192'
118,0,0,inf,4.68452584975428833e+194,'4.68452584975429065e+194'
119,0,0,inf,5.57458576120760333e+196,'5.57458576120760588e+196'
120,0,0,inf,6.68950291344912393e+198,'6.68950291344912706e+198'
121,0,0,inf,8.09429852527344001e+200,'8.09429852527344374e+200'
122,0,0,inf,9.87504420083359758e+202,'9.87504420083360136e+202'
123,0,0,inf,1.21463043670253248e+205,'1.21463043670253297e+205'
124,0,0,inf,1.50614174151114036e+207,'1.50614174151114088e+207'
125,0,0,inf,1.88267717688892538e+209,'1.8826771768889261e+209'
126,0,0,inf,2.37217324288004592e+211,'2.37217324288004688e+211'
127,0,0,inf,3.01266001845765823e+213,'3.01266001845765954e+213'
128,0,0,inf,3.85620482362580254e+215,'3.85620482362580422e+215'
129,0,0,inf,4.9745042224772855e+217,'4.97450422247728744e+217'
130,0,0,inf,6.46685548922047164e+219,'6.46685548922047367e+219'
131,0,0,inf,8.47158069087881742e+221,'8.47158069087882051e+221'
132,0,0,inf,1.11824865119600392e+224,'1.11824865119600431e+224'
133,0,0,inf,1.48727070609068519e+226,'1.48727070609068573e+226'
134,0,0,inf,1.99294274616151812e+228,'1.99294274616151888e+228'
135,0,0,inf,2.69047270731804955e+230,'2.69047270731805048e+230'
136,0,0,inf,3.65904288195254721e+232,'3.65904288195254866e+232'
137,0,0,inf,5.01288874827498984e+234,'5.01288874827499166e+234'
138,0,0,inf,6.91778647261948587e+236,'6.91778647261948849e+236'
139,0,0,inf,9.61572319694108588e+238,'9.615723196941089e+238'
140,0,0,inf,1.34620124757175198e+241,'1.34620124757175246e+241'
141,0,0,inf,1.89814375907617013e+243,'1.89814375907617097e+243'
142,0,0,inf,2.6953641378881614e+245,'2.69536413788816278e+245'
143,0,0,inf,3.85437071718007059e+247,'3.85437071718007277e+247'
144,0,0,inf,5.55029383273930126e+249,'5.55029383273930479e+249'
145,0,0,inf,8.04792605747198662e+251,'8.04792605747199194e+251'
146,0,0,inf,1.17499720439090993e+254,'1.17499720439091082e+254'
147,0,0,inf,1.72724589045463759e+256,'1.72724589045463891e+256'
148,0,0,inf,2.55632391787286369e+258,'2.55632391787286559e+258'
149,0,0,inf,3.80892263763056706e+260,'3.80892263763056973e+260'
150,0,0,inf,5.71338395644585049e+262,'5.71338395644585459e+262'
151,0,0,inf,8.62720977423323462e+264,'8.62720977423324043e+264'
152,0,0,inf,1.31133588568345176e+267,'1.31133588568345255e+267'
153,0,0,inf,2.00634390509568112e+269,'2.00634390509568239e+269'
154,0,0,inf,3.0897696138473489e+271,'3.08976961384735089e+271'
155,0,0,inf,4.7891429014633912e+273,'4.78914290146339387e+273'
156,0,0,inf,7.47106292628289053e+275,'7.47106292628289444e+275'
157,0,0,inf,1.17295687942641384e+278,'1.17295687942641443e+278'
158,0,0,inf,1.85327186949373378e+280,'1.8532718694937348e+280'
159,0,0,inf,2.94670227249503686e+282,'2.94670227249503833e+282'
160,0,0,inf,4.71472363599205897e+284,'4.71472363599206132e+284'
161,0,0,inf,7.59070505394721477e+286,'7.59070505394721873e+286'
162,0,0,inf,1.22969421873944877e+289,'1.22969421873944943e+289'
163,0,0,inf,2.00440157654530152e+291,'2.00440157654530258e+291'
164,0,0,inf,3.28721858553429449e+293,'3.28721858553429623e+293'
165,0,0,inf,5.42391066613158595e+295,'5.42391066613158877e+295'
166,0,0,inf,9.0036917057784329e+297,'9.00369170577843736e+297'
167,0,0,inf,1.50361651486499825e+300,'1.50361651486499904e+300'
168,0,0,inf,2.5260757449731969e+302,'2.52607574497319839e+302'
169,0,0,inf,4.26906800900470267e+304,'4.26906800900470527e+304'
170,0,0,inf,7.25741561530799405e+306,'7.25741561530799896e+306'
171,0,0,inf,inf,'1.24101807021766782e+309'
172,0,0,inf,inf,'2.13455108077438866e+311'
173,0,0,inf,inf,'3.69277336973969237e+313'
174,0,0,inf,inf,'6.42542566334706473e+315'
175,0,0,inf,inf,'1.12444949108573633e+318'
176,0,0,inf,inf,'1.97903110431089594e+320'
177,0,0,inf,inf,'3.50288505463028581e+322'
178,0,0,inf,inf,'6.23513539724190874e+324'
179,0,0,inf,inf,'1.11608923610630166e+327'
180,0,0,inf,inf,'2.008960624991343e+329'
181,0,0,inf,inf,'3.63621873123433082e+331'
182,0,0,inf,inf,'6.6179180908464821e+333'
183,0,0,inf,inf,'1.21107901062490622e+336'
184,0,0,inf,inf,'2.22838537954982745e+338'
185,0,0,inf,inf,'4.12251295216718079e+340'
186,0,0,inf,inf,'7.66787409103095626e+342'
187,0,0,inf,inf,'1.43389245502278882e+345'
188,0,0,inf,inf,'2.69571781544284298e+347'
189,0,0,inf,inf,'5.09490667118697324e+349'
190,0,0,inf,inf,'9.68032267525524915e+351'
191,0,0,inf,inf,'1.84894163097375259e+354'
192,0,0,inf,inf,'3.54996793146960497e+356'
193,0,0,inf,inf,'6.85143810773633759e+358'
194,0,0,inf,inf,'1.32917899290084949e+361'
195,0,0,inf,inf,'2.59189903615665651e+363'
196,0,0,inf,inf,'5.08012211086704676e+365'
197,0,0,inf,inf,'1.00078405584080821e+368'
198,0,0,inf,inf,'1.98155243056480026e+370'
199,0,0,inf,inf,'3.94328933682395252e+372'
200,0,0,inf,inf,'7.88657867364790503e+374'
201,0,0,inf,inf,'1.58520231340322891e+377'
202,0,0,inf,inf,'3.2021086730745224e+379'
203,0,0,inf,inf,'6.50028060634128048e+381'
204,0,0,inf,inf,'1.32605724369362122e+384'
205,0,0,inf,inf,'2.7184173495719235e+386'
206,0,0,inf,inf,'5.5999397401181624e+388'
207,0,0,inf,inf,'1.15918752620445962e+391'
208,0,0,inf,inf,'2.411110054505276e+393'
209,0,0,inf,inf,'5.03922001391602685e+395'
210,0,0,inf,inf,'1.05823620292236564e+398'
211,0,0,inf,inf,'2.2328783881661915e+400'
212,0,0,inf,inf,'4.73370218291232597e+402'
213,0,0,inf,inf,'1.00827856496032543e+405'
214,0,0,inf,inf,'2.15771612901509642e+407'
215,0,0,inf,inf,'4.63908967738245731e+409'
216,0,0,inf,inf,'1.00204337031461078e+412'
217,0,0,inf,inf,'2.17443411358270539e+414'
218,0,0,inf,inf,'4.74026636761029775e+416'
219,0,0,inf,inf,'1.03811833450665521e+419'
220,0,0,inf,inf,'2.28386033591464146e+421'
221,0,0,inf,inf,'5.04733134237135762e+423'
222,0,0,inf,inf,'1.12050755800644139e+426'
223,0,0,inf,inf,'2.4987318543543643e+428'
224,0,0,inf,inf,'5.59715935375377604e+430'
225,0,0,inf,inf,'1.25936085459459961e+433'
226,0,0,inf,inf,'2.84615553138379512e+435'
227,0,0,inf,inf,'6.46077305624121491e+437'
228,0,0,inf,inf,'1.473056256822997e+440'
229,0,0,inf,inf,'3.37329882812466313e+442'
230,0,0,inf,inf,'7.7585873046867252e+444'
231,0,0,inf,inf,'1.79223366738263352e+447'
232,0,0,inf,inf,'4.15798210832770977e+449'
233,0,0,inf,inf,'9.68809831240356376e+451'
234,0,0,inf,inf,'2.26701500510243392e+454'
235,0,0,inf,inf,'5.32748526199071971e+456'
236,0,0,inf,inf,'1.25728652182980985e+459'
237,0,0,inf,inf,'2.97976905673664935e+461'
238,0,0,inf,inf,'7.09185035503322545e+463'
239,0,0,inf,inf,'1.69495223485294088e+466'
240,0,0,inf,inf,'4.06788536364705812e+468'
241,0,0,inf,inf,'9.80360372638941007e+470'
242,0,0,inf,inf,'2.37247210178623724e+473'
243,0,0,inf,inf,'5.76510720734055648e+475'
244,0,0,inf,inf,'1.40668615859109578e+478'
245,0,0,inf,inf,'3.44638108854818467e+480'
246,0,0,inf,inf,'8.47809747782853428e+482'
247,0,0,inf,inf,'2.09409007702364797e+485'
248,0,0,inf,inf,'5.19334339101864696e+487'
249,0,0,inf,inf,'1.29314250436364309e+490'
250,0,0,inf,inf,'3.23285626090910773e+492'
251,0,0,inf,inf,'8.11446921488186041e+494'
252,0,0,inf,inf,'2.04484624215022882e+497'
253,0,0,inf,inf,'5.17346099264007892e+499'
254,0,0,inf,inf,'1.31405909213058005e+502'
255,0,0,inf,inf,'3.35085068493297912e+504'
256,0,0,inf,inf,'8.57817775342842654e+506'
257,0,0,inf,inf,'2.20459168263110562e+509'
258,0,0,inf,inf,'5.6878465411882525e+511'
259,0,0,inf,inf,'1.4731522541677574e+514'
260,0,0,inf,inf,'3.83019586083616923e+516'
261,0,0,inf,inf,'9.9968111967824017e+518'
262,0,0,inf,inf,'2.61916453355698925e+521'
263,0,0,inf,inf,'6.88840272325488172e+523'
264,0,0,inf,inf,'1.81853831893928877e+526'
265,0,0,inf,inf,'4.81912654518911525e+528'
266,0,0,inf,inf,'1.28188766102030466e+531'
267,0,0,inf,inf,'3.42264005492421343e+533'
268,0,0,inf,inf,'9.172675347196892e+535'
269,0,0,inf,inf,'2.46744966839596395e+538'
270,0,0,inf,inf,'6.66211410466910266e+540'
271,0,0,inf,inf,'1.80543292236532682e+543'
272,0,0,inf,inf,'4.91077754883368895e+545'
273,0,0,inf,inf,'1.34064227083159708e+548'
274,0,0,inf,inf,'3.67335982207857601e+550'
275,0,0,inf,inf,'1.0101739510716084e+553'
276,0,0,inf,inf,'2.78808010495763919e+555'
277,0,0,inf,inf,'7.72298189073266056e+557'
278,0,0,inf,inf,'2.14698896562367964e+560'
279,0,0,inf,inf,'5.99009921409006618e+562'
280,0,0,inf,inf,'1.67722777994521853e+565'
281,0,0,inf,inf,'4.71301006164606407e+567'
282,0,0,inf,inf,'1.32906883738419007e+570'
283,0,0,inf,inf,'3.76126480979725789e+572'
284,0,0,inf,inf,'1.06819920598242124e+575'
285,0,0,inf,inf,'3.04436773704990054e+577'
286,0,0,inf,inf,'8.70689172796271554e+579'
287,0,0,inf,inf,'2.49887792592529936e+582'
288,0,0,inf,inf,'7.19676842666486216e+584'
289,0,0,inf,inf,'2.07986607530614516e+587'
290,0,0,inf,inf,'6.03161161838782098e+589'
291,0,0,inf,inf,'1.7551989809508559e+592'
292,0,0,inf,inf,'5.12518102437649924e+594'
293,0,0,inf,inf,'1.50167804014231428e+597'
294,0,0,inf,inf,'4.41493343801840398e+599'
295,0,0,inf,inf,'1.30240536421542917e+602'
296,0,0,inf,inf,'3.85511987807767035e+604'
297,0,0,inf,inf,'1.14497060378906809e+607'
298,0,0,inf,inf,'3.41201239929142292e+609'
299,0,0,inf,inf,'1.02019170738813545e+612'
300,0,0,inf,inf,'3.06057512216440636e+614'
301,0,0,inf,inf,'9.21233111771486314e+616'
302,0,0,inf,inf,'2.78212399754988867e+619'
303,0,0,inf,inf,'8.42983571257616267e+621'
304,0,0,inf,inf,'2.56267005662315345e+624'
305,0,0,inf,inf,'7.81614367270061803e+626'
306,0,0,inf,inf,'2.39173996384638912e+629'
307,0,0,inf,inf,'7.34264168900841459e+631'
308,0,0,inf,inf,'2.26153364021459169e+634'
309,0,0,inf,inf,'6.98813894826308833e+636'
310,0,0,inf,inf,'2.16632307396155738e+639'
311,0,0,inf,inf,'6.73726476002044346e+641'
312,0,0,inf,inf,'2.10202660512637836e+644'
313,0,0,inf,inf,'6.57934327404556426e+646'
314,0,0,inf,inf,'2.06591378805030718e+649'
315,0,0,inf,inf,'6.50762843235846761e+651'
316,0,0,inf,inf,'2.05641058462527577e+654'
317,0,0,inf,inf,'6.51882155326212418e+656'
318,0,0,inf,inf,'2.07298525393735549e+659'
319,0,0,inf,inf,'6.61282296006016401e+661'
320,0,0,inf,inf,'2.11610334721925248e+664'
321,0,0,inf,inf,'6.79269174457380047e+666'
322,0,0,inf,inf,'2.18724674175276375e+669'
323,0,0,inf,inf,'7.06480697586142692e+671'
324,0,0,inf,inf,'2.28899746017910232e+674'
325,0,0,inf,inf,'7.43924174558208254e+676'
326,0,0,inf,inf,'2.42519280905975891e+679'
327,0,0,inf,inf,'7.93038048562541163e+681'
328,0,0,inf,inf,'2.60116479928513502e+684'
329,0,0,inf,inf,'8.5578321896480942e+686'
330,0,0,inf,inf,'2.82408462258387109e+689'
331,0,0,inf,inf,'9.3477201007526133e+691'
332,0,0,inf,inf,'3.10344307344986761e+694'
333,0,0,inf,inf,'1.03344654345880592e+697'
334,0,0,inf,inf,'3.45171145515241176e+699'
335,0,0,inf,inf,'1.15632333747605794e+702'
336,0,0,inf,inf,'3.88524641391955467e+704'
337,0,0,inf,inf,'1.30932804149088993e+707'
338,0,0,inf,inf,'4.42552878023920795e+709'
339,0,0,inf,inf,'1.50025425650109149e+712'
340,0,0,inf,inf,'5.10086447210371108e+714'
341,0,0,inf,inf,'1.73939478498736548e+717'
342,0,0,inf,inf,'5.94873016465678994e+719'
343,0,0,inf,inf,'2.04041444647727895e+722'
344,0,0,inf,inf,'7.01902569588183958e+724'
345,0,0,inf,inf,'2.42156386507923466e+727'
346,0,0,inf,inf,'8.37861097317415191e+729'
347,0,0,inf,inf,'2.90737800769143071e+732'
348,0,0,inf,inf,'1.01176754667661789e+735'
349,0,0,inf,inf,'3.53106873790139643e+737'
350,0,0,inf,inf,'1.23587405826548875e+740'
351,0,0,inf,inf,'4.33791794451186551e+742'
352,0,0,inf,inf,'1.52694711646817666e+745'
353,0,0,inf,inf,'5.39012332113266361e+747'
354,0,0,inf,inf,'1.90810365568096292e+750'
355,0,0,inf,inf,'6.77376797766741836e+752'
356,0,0,inf,inf,'2.41146140004960094e+755'
357,0,0,inf,inf,'8.60891719817707534e+757'
358,0,0,inf,inf,'3.08199235694739297e+760'
359,0,0,inf,inf,'1.10643525614411408e+763'
360,0,0,inf,inf,'3.98316692211881068e+765'
361,0,0,inf,inf,'1.43792325888489065e+768'
362,0,0,inf,inf,'5.20528219716330417e+770'
363,0,0,inf,inf,'1.88951743757027941e+773'
364,0,0,inf,inf,'6.87784347275581707e+775'
365,0,0,inf,inf,'2.51041286755587323e+778'
366,0,0,inf,inf,'9.18811109525449602e+780'
367,0,0,inf,inf,'3.37203677195840004e+783'
368,0,0,inf,inf,'1.24090953208069121e+786'
369,0,0,inf,inf,'4.57895617337775058e+788'
370,0,0,inf,inf,'1.69421378414976771e+791'
371,0,0,inf,inf,'6.28553313919563822e+793'
372,0,0,inf,inf,'2.33821832778077742e+796'
373,0,0,inf,inf,'8.72155436262229977e+798'
374,0,0,inf,inf,'3.26186133162074011e+801'
375,0,0,inf,inf,'1.22319799935777754e+804'
376,0,0,inf,inf,'4.59922447758524356e+806'
377,0,0,inf,inf,'1.73390762804963682e+809'
378,0,0,inf,inf,'6.55417083402762719e+811'
379,0,0,inf,inf,'2.4840307460964707e+814'
380,0,0,inf,inf,'9.43931683516658868e+816'
381,0,0,inf,inf,'3.59637971419847029e+819'
382,0,0,inf,inf,'1.37381705082381565e+822'
383,0,0,inf,inf,'5.26171930465521394e+824'
384,0,0,inf,inf,'2.02050021298760215e+827'
385,0,0,inf,inf,'7.77892582000226828e+829'
386,0,0,inf,inf,'3.00266536652087556e+832'
387,0,0,inf,inf,'1.16203149684357884e+835'
388,0,0,inf,inf,'4.5086822077530859e+837'
389,0,0,inf,inf,'1.75387737881595042e+840'
390,0,0,inf,inf,'6.84012177738220662e+842'
391,0,0,inf,inf,'2.67448761495644279e+845'
392,0,0,inf,inf,'1.04839914506292557e+848'
393,0,0,inf,inf,'4.1202086400972975e+850'
394,0,0,inf,inf,'1.62336220419833522e+853'
395,0,0,inf,inf,'6.41228070658342411e+855'
396,0,0,inf,inf,'2.53926315980703595e+858'
397,0,0,inf,inf,'1.00808747444339327e+861'
398,0,0,inf,inf,'4.01218814828470522e+863'
399,0,0,inf,inf,'1.60086307116559738e+866'
400,0,0,inf,inf,'6.40345228466238953e+868'
401,0,0,inf,inf,'2.5677843661496182e+871'
402,0,0,inf,inf,'1.03224931519214652e+874'
403,0,0,inf,inf,'4.15996474022435046e+876'
404,0,0,inf,inf,'1.68062575505063759e+879'
405,0,0,inf,inf,'6.80653430795508222e+881'
406,0,0,inf,inf,'2.76345292902976338e+884'
407,0,0,inf,inf,'1.1247253421151137e+887'
408,0,0,inf,inf,'4.58887939582966388e+889'
409,0,0,inf,inf,'1.87685167289433253e+892'
410,0,0,inf,inf,'7.69509185886676337e+894'
411,0,0,inf,inf,'3.16268275399423974e+897'
412,0,0,inf,inf,'1.30302529464562677e+900'
413,0,0,inf,inf,'5.38149446688643858e+902'
414,0,0,inf,inf,'2.22793870929098557e+905'
415,0,0,inf,inf,'9.24594564355759012e+907'
416,0,0,inf,inf,'3.84631338771995749e+910'
417,0,0,inf,inf,'1.60391268267922227e+913'
418,0,0,inf,inf,'6.7043550135991491e+915'
419,0,0,inf,inf,'2.80912475069804347e+918'
420,0,0,inf,inf,'1.17983239529317826e+921'
421,0,0,inf,inf,'4.96709438418428047e+923'
422,0,0,inf,inf,'2.09611383012576636e+926'
423,0,0,inf,inf,'8.8665615014319917e+928'
424,0,0,inf,inf,'3.75942207660716448e+931'
425,0,0,inf,inf,'1.5977543825580449e+934'
426,0,0,inf,inf,'6.80643366969727129e+936'
427,0,0,inf,inf,'2.90634717696073484e+939'
428,0,0,inf,inf,'1.24391659173919451e+942'
429,0,0,inf,inf,'5.33640217856114446e+944'
430,0,0,inf,inf,'2.29465293678129212e+947'
431,0,0,inf,inf,'9.88995415752736902e+949'
432,0,0,inf,inf,'4.27246019605182342e+952'
433,0,0,inf,inf,'1.84997526489043954e+955'
434,0,0,inf,inf,'8.0288926496245076e+957'
435,0,0,inf,inf,'3.49256830258666081e+960'
436,0,0,inf,inf,'1.52275977992778411e+963'
437,0,0,inf,inf,'6.65446023828441657e+965'
438,0,0,inf,inf,'2.91465358436857446e+968'
439,0,0,inf,inf,'1.27953292353780419e+971'
440,0,0,inf,inf,'5.62994486356633842e+973'
441,0,0,inf,inf,'2.48280568483275524e+976'
442,0,0,inf,inf,'1.09740011269607782e+979'
443,0,0,inf,inf,'4.86148249924362473e+981'
444,0,0,inf,inf,'2.15849822966416938e+984'
445,0,0,inf,inf,'9.60531712200555375e+986'
446,0,0,inf,inf,'4.28397143641447697e+989'
447,0,0,inf,inf,'1.91493523207727121e+992'
448,0,0,inf,inf,'8.578909839706175e+994'
449,0,0,inf,inf,'3.85193051802807258e+997'
450,0,0,inf,inf,'1.73336873311263266e+1000'
451,0,0,inf,inf,'7.81749298633797329e+1002'
452,0,0,inf,inf,'3.53350682982476393e+1005'
453,0,0,inf,inf,'1.60067859391061806e+1008'
454,0,0,inf,inf,'7.26708081635420599e+1010'
455,0,0,inf,inf,'3.30652177144116373e+1013'
456,0,0,inf,inf,'1.50777392777717066e+1016'
457,0,0,inf,inf,'6.89052684994166991e+1018'
458,0,0,inf,inf,'3.15586129727328482e+1021'
459,0,0,inf,inf,'1.44854033544843773e+1024'
460,0,0,inf,inf,'6.66328554306281357e+1026'
461,0,0,inf,inf,'3.07177463535195705e+1029'
462,0,0,inf,inf,'1.41915988153260416e+1032'
463,0,0,inf,inf,'6.57071025149595726e+1034'
464,0,0,inf,inf,'3.04880955669412417e+1037'
465,0,0,inf,inf,'1.41769644386276774e+1040'
466,0,0,inf,inf,'6.60646542840049766e+1042'
467,0,0,inf,inf,'3.08521935506303241e+1045'
468,0,0,inf,inf,'1.44388265816949917e+1048'
469,0,0,inf,inf,'6.77180966681495109e+1050'
470,0,0,inf,inf,'3.18275054340302701e+1053'
471,0,0,inf,inf,'1.49907550594282572e+1056'
472,0,0,inf,inf,'7.07563638805013741e+1058'
473,0,0,inf,inf,'3.346776011547715e+1061'
474,0,0,inf,inf,'1.58637182947361691e+1064'
475,0,0,inf,inf,'7.53526618999968031e+1066'
476,0,0,inf,inf,'3.58678670643984783e+1069'
477,0,0,inf,inf,'1.71089725897180741e+1072'
478,0,0,inf,inf,'8.17808889788523944e+1074'
479,0,0,inf,inf,'3.91730458208702969e+1077'
480,0,0,inf,inf,'1.88030619940177425e+1080'
481,0,0,inf,inf,'9.04427281912253415e+1082'
482,0,0,inf,inf,'4.35933949881706146e+1085'
483,0,0,inf,inf,'2.10556097792864069e+1088'
484,0,0,inf,inf,'1.01909151331746209e+1091'
485,0,0,inf,inf,'4.94259383958969115e+1093'
486,0,0,inf,inf,'2.4021006060405899e+1096'
487,0,0,inf,inf,'1.16982299514176728e+1099'
488,0,0,inf,inf,'5.70873621629182433e+1101'
489,0,0,inf,inf,'2.7915720097667021e+1104'
490,0,0,inf,inf,'1.36787028478568403e+1107'
491,0,0,inf,inf,'6.71624309829770857e+1109'
492,0,0,inf,inf,'3.30439160436247262e+1112'
493,0,0,inf,inf,'1.629065060950699e+1115'
494,0,0,inf,inf,'8.04758140109645306e+1117'
495,0,0,inf,inf,'3.98355279354274427e+1120'
496,0,0,inf,inf,'1.97584218559720116e+1123'
497,0,0,inf,inf,'9.81993566241808974e+1125'
498,0,0,inf,inf,'4.89032795988420869e+1128'
499,0,0,inf,inf,'2.44027365198222014e+1131'
500,0,0,inf,inf,'1.22013682599111007e+1134'
501,0,0,inf,inf,'6.11288549821546144e+1136'
502,0,0,inf,inf,'3.06866852010416165e+1139'
503,0,0,inf,inf,'1.54354026561239331e+1142'
504,0,0,inf,inf,'7.77944293868646227e+1144'
505,0,0,inf,inf,'3.92861868403666345e+1147'
506,0,0,inf,inf,'1.9878810541225517e+1150'
507,0,0,inf,inf,'1.00785569444013371e+1153'
508,0,0,inf,inf,'5.11990692775587927e+1155'
509,0,0,inf,inf,'2.60603262622774255e+1158'
510,0,0,inf,inf,'1.3290766393761487e+1161'
511,0,0,inf,inf,'6.79158162721211985e+1163'
512,0,0,inf,inf,'3.47728979313260536e+1166'
513,0,0,inf,inf,'1.78384966387702655e+1169'
514,0,0,inf,inf,'9.16898727232791647e+1171'
515,0,0,inf,inf,'4.72202844524887698e+1174'
516,0,0,inf,inf,'2.43656667774842052e+1177'
517,0,0,inf,inf,'1.25970497239593341e+1180'
518,0,0,inf,inf,'6.52527175701093507e+1182'
519,0,0,inf,inf,'3.3866160418886753e+1185'
520,0,0,inf,inf,'1.76104034178211116e+1188'
521,0,0,inf,inf,'9.17502018068479912e+1190'
522,0,0,inf,inf,'4.78936053431746514e+1193'
523,0,0,inf,inf,'2.50483555944803427e+1196'
524,0,0,inf,inf,'1.31253383315076996e+1199'
525,0,0,inf,inf,'6.89080262404154227e+1201'
526,0,0,inf,inf,'3.62456218024585124e+1204'
527,0,0,inf,inf,'1.9101442689895636e+1207'
528,0,0,inf,inf,'1.00855617402648958e+1210'
529,0,0,inf,inf,'5.33526216060012989e+1212'
530,0,0,inf,inf,'2.82768894511806884e+1215'
531,0,0,inf,inf,'1.50150282985769455e+1218'
532,0,0,inf,inf,'7.98799505484293503e+1220'
533,0,0,inf,inf,'4.25760136423128437e+1223'
534,0,0,inf,inf,'2.27355912849950585e+1226'
535,0,0,inf,inf,'1.21635413374723563e+1229'
536,0,0,inf,inf,'6.51965815688518299e+1231'
537,0,0,inf,inf,'3.50105643024734326e+1234'
538,0,0,inf,inf,'1.88356835947307068e+1237'
539,0,0,inf,inf,'1.01524334575598509e+1240'
540,0,0,inf,inf,'5.48231406708231951e+1242'
541,0,0,inf,inf,'2.96593191029153485e+1245'
542,0,0,inf,inf,'1.60753509537801189e+1248'
543,0,0,inf,inf,'8.72891556790260457e+1250'
544,0,0,inf,inf,'4.74853006893901688e+1253'
545,0,0,inf,inf,'2.5879488875717642e+1256'
546,0,0,inf,inf,'1.41302009261418325e+1259'
547,0,0,inf,inf,'7.7292199065995824e+1261'
548,0,0,inf,inf,'4.23561250881657116e+1264'
549,0,0,inf,inf,'2.32535126734029756e+1267'
550,0,0,inf,inf,'1.27894319703716366e+1270'
551,0,0,inf,inf,'7.04697701567477177e+1272'
552,0,0,inf,inf,'3.88993131265247402e+1275'
553,0,0,inf,inf,'2.15113201589681813e+1278'
554,0,0,inf,inf,'1.19172713680683724e+1281'
555,0,0,inf,inf,'6.61408560927794671e+1283'
556,0,0,inf,inf,'3.67743159875853837e+1286'
557,0,0,inf,inf,'2.04832940050850587e+1289'
558,0,0,inf,inf,'1.14296780548374628e+1292'
559,0,0,inf,inf,'6.38919003265414169e+1294'
560,0,0,inf,inf,'3.57794641828631934e+1297'
561,0,0,inf,inf,'2.00722794065862515e+1300'
562,0,0,inf,inf,'1.12806210265014734e+1303'
563,0,0,inf,inf,'6.3509896379203295e+1305'
564,0,0,inf,inf,'3.58195815578706584e+1308'
565,0,0,inf,inf,'2.0238063580196922e+1311'
566,0,0,inf,inf,'1.14547439863914578e+1314'
567,0,0,inf,inf,'6.4948398402839566e+1316'
568,0,0,inf,inf,'3.68906902928128735e+1319'
569,0,0,inf,inf,'2.0990802776610525e+1322'
570,0,0,inf,inf,'1.19647575826679993e+1325'
571,0,0,inf,inf,'6.83187657970342757e+1327'
572,0,0,inf,inf,'3.90783340359036057e+1330'
573,0,0,inf,inf,'2.23918854025727661e+1333'
574,0,0,inf,inf,'1.28529422210767677e+1336'
575,0,0,inf,inf,'7.39044177711914144e+1338'
576,0,0,inf,inf,'4.25689446362062547e+1341'
577,0,0,inf,inf,'2.4562281055091009e+1344'
578,0,0,inf,inf,'1.41969984498426032e+1347'
579,0,0,inf,inf,'8.22006210245886724e+1349'
580,0,0,inf,inf,'4.767636019426143e+1352'
581,0,0,inf,inf,'2.76999652728658908e+1355'
582,0,0,inf,inf,'1.61213797888079485e+1358'
583,0,0,inf,inf,'9.39876441687503395e+1360'
584,0,0,inf,inf,'5.48887841945501983e+1363'
585,0,0,inf,inf,'3.2109938753811866e+1366'
586,0,0,inf,inf,'1.88164241097337535e+1369'
587,0,0,inf,inf,'1.10452409524137133e+1372'
588,0,0,inf,inf,'6.49460168001926342e+1374'
589,0,0,inf,inf,'3.82532038953134615e+1377'
590,0,0,inf,inf,'2.25693902982349423e+1380'
591,0,0,inf,inf,'1.33385096662568509e+1383'
592,0,0,inf,inf,'7.89639772242405573e+1385'
593,0,0,inf,inf,'4.68256384939746505e+1388'
594,0,0,inf,inf,'2.78144292654209424e+1391'
595,0,0,inf,inf,'1.65495854129254607e+1394'
596,0,0,inf,inf,'9.86355290610357459e+1396'
597,0,0,inf,inf,'5.88854108494383403e+1399'
598,0,0,inf,inf,'3.52134756879641275e+1402'
599,0,0,inf,inf,'2.10928719370905124e+1405'
600,0,0,inf,inf,'1.26557231622543074e+1408'
601,0,0,inf,inf,'7.60608962051483876e+1410'
602,0,0,inf,inf,'4.57886595154993293e+1413'
603,0,0,inf,inf,'2.76105616878460956e+1416'
604,0,0,inf,inf,'1.66767792594590417e+1419'
605,0,0,inf,inf,'1.00894514519727203e+1422'
606,0,0,inf,inf,'6.11420757989546847e+1424'
607,0,0,inf,inf,'3.71132400099654936e+1427'
608,0,0,inf,inf,'2.25648499260590201e+1430'
609,0,0,inf,inf,'1.37419936049699433e+1433'
610,0,0,inf,inf,'8.38261609903166539e+1435'
611,0,0,inf,inf,'5.12177843650834755e+1438'
612,0,0,inf,inf,'3.1345284031431087e+1441'
613,0,0,inf,inf,'1.92146591112672563e+1444'
614,0,0,inf,inf,'1.17978006943180954e+1447'
615,0,0,inf,inf,'7.25564742700562867e+1449'
616,0,0,inf,inf,'4.46947881503546726e+1452'
617,0,0,inf,inf,'2.7576684288768833e+1455'
618,0,0,inf,inf,'1.70423908904591388e+1458'
619,0,0,inf,inf,'1.05492399611942069e+1461'
620,0,0,inf,inf,'6.54052877594040828e+1463'
621,0,0,inf,inf,'4.06166836985899354e+1466'
622,0,0,inf,inf,'2.52635772605229398e+1469'
623,0,0,inf,inf,'1.57392086333057915e+1472'
624,0,0,inf,inf,'9.82126618718281391e+1474'
625,0,0,inf,inf,'6.13829136698925869e+1477'
626,0,0,inf,inf,'3.84257039573527594e+1480'
627,0,0,inf,inf,'2.40929163812601802e+1483'
628,0,0,inf,inf,'1.51303514874313931e+1486'
629,0,0,inf,inf,'9.51699108559434628e+1488'
630,0,0,inf,inf,'5.99570438392443816e+1491'
631,0,0,inf,inf,'3.78328946625632048e+1494'
632,0,0,inf,inf,'2.39103894267399454e+1497'
633,0,0,inf,inf,'1.51352765071263855e+1500'
634,0,0,inf,inf,'9.59576530551812838e+1502'
635,0,0,inf,inf,'6.09331096900401152e+1505'
636,0,0,inf,inf,'3.87534577628655133e+1508'
637,0,0,inf,inf,'2.46859525949453319e+1511'
638,0,0,inf,inf,'1.57496377555751218e+1514'
639,0,0,inf,inf,'1.00640185258125028e+1517'
640,0,0,inf,inf,'6.4409718565200018e+1519'
641,0,0,inf,inf,'4.12866296002932116e+1522'
642,0,0,inf,inf,'2.65060162033882418e+1525'
643,0,0,inf,inf,'1.70433684187786395e+1528'
644,0,0,inf,inf,'1.09759292616934438e+1531'
645,0,0,inf,inf,'7.07947437379227127e+1533'
646,0,0,inf,inf,'4.57334044546980724e+1536'
647,0,0,inf,inf,'2.95895126821896529e+1539'
648,0,0,inf,inf,'1.9174004218058895e+1542'
649,0,0,inf,inf,'1.24439287375202229e+1545'
650,0,0,inf,inf,'8.08855367938814488e+1547'
651,0,0,inf,inf,'5.26564844528168231e+1550'
652,0,0,inf,inf,'3.43320278632365687e+1553'
653,0,0,inf,inf,'2.24188141946934794e+1556'
654,0,0,inf,inf,'1.46619044833295355e+1559'
655,0,0,inf,inf,'9.60354743658084575e+1561'
656,0,0,inf,inf,'6.29992711839703481e+1564'
657,0,0,inf,inf,'4.13905211678685187e+1567'
658,0,0,inf,inf,'2.72349629284574853e+1570'
659,0,0,inf,inf,'1.79478405698534828e+1573'
660,0,0,inf,inf,'1.18455747761032987e+1576'
661,0,0,inf,inf,'7.82992492700428042e+1578'
662,0,0,inf,inf,'5.18341030167683364e+1581'
663,0,0,inf,inf,'3.4366010300117407e+1584'
664,0,0,inf,inf,'2.28190308392779583e+1587'
665,0,0,inf,inf,'1.51746555081198422e+1590'
666,0,0,inf,inf,'1.01063205684078149e+1593'
667,0,0,inf,inf,'6.74091581912801256e+1595'
668,0,0,inf,inf,'4.50293176717751239e+1598'
669,0,0,inf,inf,'3.01246135224175579e+1601'
670,0,0,inf,inf,'2.01834910600197638e+1604'
671,0,0,inf,inf,'1.35431225012732615e+1607'
672,0,0,inf,inf,'9.10097832085563173e+1609'
673,0,0,inf,inf,'6.12495840993584015e+1612'
674,0,0,inf,inf,'4.12822196829675626e+1615'
675,0,0,inf,inf,'2.78654982860031048e+1618'
676,0,0,inf,inf,'1.88370768413380988e+1621'
677,0,0,inf,inf,'1.27527010215858929e+1624'
678,0,0,inf,inf,'8.64633129263523539e+1626'
679,0,0,inf,inf,'5.87085894769932483e+1629'
680,0,0,inf,inf,'3.99218408443554088e+1632'
681,0,0,inf,inf,'2.71867736150060334e+1635'
682,0,0,inf,inf,'1.85413796054341148e+1638'
683,0,0,inf,inf,'1.26637622705115004e+1641'
684,0,0,inf,inf,'8.66201339302986628e+1643'
685,0,0,inf,inf,'5.9334791742254584e+1646'
686,0,0,inf,inf,'4.07036671351866446e+1649'
687,0,0,inf,inf,'2.79634193218732249e+1652'
688,0,0,inf,inf,'1.92388324934487787e+1655'
689,0,0,inf,inf,'1.32555555879862085e+1658'
690,0,0,inf,inf,'9.14633335571048388e+1660'
691,0,0,inf,inf,'6.32011634879594436e+1663'
692,0,0,inf,inf,'4.3735205133667935e+1666'
693,0,0,inf,inf,'3.03084971576318789e+1669'
694,0,0,inf,inf,'2.1034097027396524e+1672'
695,0,0,inf,inf,'1.46186974340405842e+1675'
696,0,0,inf,inf,'1.01746134140922466e+1678'
697,0,0,inf,inf,'7.09170554962229587e+1680'
698,0,0,inf,inf,'4.95001047363636252e+1683'
699,0,0,inf,inf,'3.4600573210718174e+1686'
700,0,0,inf,inf,'2.42204012475027218e+1689'
701,0,0,inf,inf,'1.6978501274499408e+1692'
702,0,0,inf,inf,'1.19189078946985844e+1695'
703,0,0,inf,inf,'8.37899224997310483e+1697'
704,0,0,inf,inf,'5.8988105439810658e+1700'
705,0,0,inf,inf,'4.15866143350665139e+1703'
706,0,0,inf,inf,'2.93601497205569588e+1706'
707,0,0,inf,inf,'2.07576258524337699e+1709'
708,0,0,inf,inf,'1.46963991035231091e+1712'
709,0,0,inf,inf,'1.04197469643978843e+1715'
710,0,0,inf,inf,'7.39802034472249788e+1717'
711,0,0,inf,inf,'5.25999246509769599e+1720'
712,0,0,inf,inf,'3.74511463514955955e+1723'
713,0,0,inf,inf,'2.67026673486163596e+1726'
714,0,0,inf,inf,'1.90657044869120807e+1729'
715,0,0,inf,inf,'1.36319787081421377e+1732'
716,0,0,inf,inf,'9.76049675502977061e+1734'
717,0,0,inf,inf,'6.99827617335634552e+1737'
718,0,0,inf,inf,'5.02476229246985609e+1740'
719,0,0,inf,inf,'3.61280408828582653e+1743'
720,0,0,inf,inf,'2.6012189435657951e+1746'
721,0,0,inf,inf,'1.87547885831093827e+1749'
722,0,0,inf,inf,'1.35409573570049743e+1752'
723,0,0,inf,inf,'9.79011216911459641e+1754'
724,0,0,inf,inf,'7.0880412104389678e+1757'
725,0,0,inf,inf,'5.13882987756825165e+1760'
726,0,0,inf,inf,'3.7307904911145507e+1763'
727,0,0,inf,inf,'2.71228468704027836e+1766'
728,0,0,inf,inf,'1.97454325216532265e+1769'
729,0,0,inf,inf,'1.43944203082852021e+1772'
730,0,0,inf,inf,'1.05079268250481975e+1775'
731,0,0,inf,inf,'7.68129450911023239e+1777'
732,0,0,inf,inf,'5.62270758066869011e+1780'
733,0,0,inf,inf,'4.12144465663014985e+1783'
734,0,0,inf,inf,'3.02514037796652999e+1786'
735,0,0,inf,inf,'2.22347817780539954e+1789'
736,0,0,inf,inf,'1.63647993886477406e+1792'
737,0,0,inf,inf,'1.20608571494333848e+1795'
738,0,0,inf,inf,'8.90091257628183802e+1797'
739,0,0,inf,inf,'6.57777439387227829e+1800'
740,0,0,inf,inf,'4.86755305146548594e+1803'
741,0,0,inf,inf,'3.60685681113592508e+1806'
742,0,0,inf,inf,'2.67628775386285641e+1809'
743,0,0,inf,inf,'1.98848180112010231e+1812'
744,0,0,inf,inf,'1.47943046003335612e+1815'
745,0,0,inf,inf,'1.10217569272485031e+1818'
746,0,0,inf,inf,'8.22223066772738331e+1820'
747,0,0,inf,inf,'6.14200630879235533e+1823'
748,0,0,inf,inf,'4.59422071897668179e+1826'
749,0,0,inf,inf,'3.44107131851353466e+1829'
750,0,0,inf,inf,'2.58080348888515099e+1832'
751,0,0,inf,inf,'1.9381834201527484e+1835'
752,0,0,inf,inf,'1.45751393195486679e+1838'
753,0,0,inf,inf,'1.0975079907620147e+1841'
754,0,0,inf,inf,'8.27521025034559081e+1843'
755,0,0,inf,inf,'6.24778373901092106e+1846'
756,0,0,inf,inf,'4.72332450669225632e+1849'
757,0,0,inf,inf,'3.57555665156603804e+1852'
758,0,0,inf,inf,'2.71027194188705683e+1855'
759,0,0,inf,inf,'2.05709640389227614e+1858'
760,0,0,inf,inf,'1.56339326695812986e+1861'
761,0,0,inf,inf,'1.18974227615513683e+1864'
762,0,0,inf,inf,'9.06583614430214261e+1866'
763,0,0,inf,inf,'6.91723297810253481e+1869'
764,0,0,inf,inf,'5.2847659952703366e+1872'
765,0,0,inf,inf,'4.0428459863818075e+1875'
766,0,0,inf,inf,'3.09682002556846454e+1878'
767,0,0,inf,inf,'2.3752609596110123e+1881'
768,0,0,inf,inf,'1.82420041698125745e+1884'
769,0,0,inf,inf,'1.40281012065858698e+1887'
770,0,0,inf,inf,'1.08016379290711197e+1890'
771,0,0,inf,inf,'8.32806284331383331e+1892'
772,0,0,inf,inf,'6.42926451503827932e+1895'
773,0,0,inf,inf,'4.96982147012458991e+1898'
774,0,0,inf,inf,'3.84664181787643259e+1901'
775,0,0,inf,inf,'2.98114740885423526e+1904'
776,0,0,inf,inf,'2.31337038927088656e+1907'
777,0,0,inf,inf,'1.79748879246347886e+1910'
778,0,0,inf,inf,'1.39844628053658655e+1913'
779,0,0,inf,inf,'1.08938965253800092e+1916'
780,0,0,inf,inf,'8.49723928979640721e+1918'
781,0,0,inf,inf,'6.63634388533099403e+1921'
782,0,0,inf,inf,'5.18962091832883733e+1924'
783,0,0,inf,inf,'4.06347317905147963e+1927'
784,0,0,inf,inf,'3.18576297237636003e+1930'
785,0,0,inf,inf,'2.50082393331544262e+1933'
786,0,0,inf,inf,'1.9656476115859379e+1936'
787,0,0,inf,inf,'1.54696467031813313e+1939'
788,0,0,inf,inf,'1.21900816021068891e+1942'
789,0,0,inf,inf,'9.61797438406233546e+1944'
790,0,0,inf,inf,'7.59819976340924502e+1947'
791,0,0,inf,inf,'6.01017601285671281e+1950'
792,0,0,inf,inf,'4.76005940218251654e+1953'
793,0,0,inf,inf,'3.77472710593073562e+1956'
794,0,0,inf,inf,'2.99713332210900408e+1959'
795,0,0,inf,inf,'2.38272099107665824e+1962'
796,0,0,inf,inf,'1.89664590889701996e+1965'
797,0,0,inf,inf,'1.51162678939092491e+1968'
798,0,0,inf,inf,'1.20627817793395808e+1971'
799,0,0,inf,inf,'9.63816264169232505e+1973'
800,0,0,inf,inf,'7.71053011335386004e+1976'
801,0,0,inf,inf,'6.17613462079644189e+1979'
802,0,0,inf,inf,'4.9532599658787464e+1982'
803,0,0,inf,inf,'3.97746775260063336e+1985'
804,0,0,inf,inf,'3.19788407309090922e+1988'
805,0,0,inf,inf,'2.57429667883818192e+1991'
806,0,0,inf,inf,'2.07488312314357463e+1994'
807,0,0,inf,inf,'1.67443068037686472e+1997'
808,0,0,inf,inf,'1.3529399897445067e+2000'
809,0,0,inf,inf,'1.09452845170330592e+2003'
810,0,0,inf,inf,'8.86568045879677794e+2005'
811,0,0,inf,inf,'7.19006685208418691e+2008'
812,0,0,inf,inf,'5.83833428389235977e+2011'
813,0,0,inf,inf,'4.74656577280448849e+2014'
814,0,0,inf,inf,'3.86370453906285363e+2017'
815,0,0,inf,inf,'3.14891919933622571e+2020'
816,0,0,inf,inf,'2.56951806665836018e+2023'
817,0,0,inf,inf,'2.09929626045988027e+2026'
818,0,0,inf,inf,'1.71722434105618206e+2029'
819,0,0,inf,inf,'1.40640673532501311e+2032'
820,0,0,inf,inf,'1.15325352296651075e+2035'
821,0,0,inf,inf,'9.46821142355505323e+2037'
822,0,0,inf,inf,'7.78286979016225376e+2040'
823,0,0,inf,inf,'6.40530183730353484e+2043'
824,0,0,inf,inf,'5.27796871393811271e+2046'
825,0,0,inf,inf,'4.35432418899894298e+2049'
826,0,0,inf,inf,'3.59667178011312691e+2052'
827,0,0,inf,inf,'2.97444756215355595e+2055'
828,0,0,inf,inf,'2.46284258146314433e+2058'
829,0,0,inf,inf,'2.04169650003294665e+2061'
830,0,0,inf,inf,'1.69460809502734572e+2064'
831,0,0,inf,inf,'1.40821932696772429e+2067'
832,0,0,inf,inf,'1.17163848003714661e+2070'
833,0,0,inf,inf,'9.75974853870943126e+2072'
834,0,0,inf,inf,'8.13963028128366567e+2075'
835,0,0,inf,inf,'6.79659128487186084e+2078'
836,0,0,inf,inf,'5.68195031415287566e+2081'
837,0,0,inf,inf,'4.75579241294595693e+2084'
838,0,0,inf,inf,'3.9853540420487119e+2087'
839,0,0,inf,inf,'3.34371204127886929e+2090'
840,0,0,inf,inf,'2.8087181146742502e+2093'
841,0,0,inf,inf,'2.36213193444104442e+2096'
842,0,0,inf,inf,'1.9889150887993594e+2099'
843,0,0,inf,inf,'1.67665541985785998e+2102'
844,0,0,inf,inf,'1.41509717436003382e+2105'
845,0,0,inf,inf,'1.19575711233422858e+2108'
846,0,0,inf,inf,'1.01161051703475738e+2111'
847,0,0,inf,inf,'8.56834107928439498e+2113'
848,0,0,inf,inf,'7.26595323523316694e+2116'
849,0,0,inf,inf,'6.16879429671295873e+2119'
850,0,0,inf,inf,'5.24347515220601492e+2122'
851,0,0,inf,inf,'4.4621973545273187e+2125'
852,0,0,inf,inf,'3.80179214605727553e+2128'
853,0,0,inf,inf,'3.24292870058685603e+2131'
854,0,0,inf,inf,'2.76946111030117505e+2134'
855,0,0,inf,inf,'2.36788924930750467e+2137'
856,0,0,inf,inf,'2.02691319740722399e+2140'
857,0,0,inf,inf,'1.73706461017799096e+2143'
858,0,0,inf,inf,'1.49040143553271625e+2146'
859,0,0,inf,inf,'1.28025483312260326e+2149'
860,0,0,inf,inf,'1.1010191564854388e+2152'
861,0,0,inf,inf,'9.47977493733962807e+2154'
862,0,0,inf,inf,'8.1715659959867594e+2157'
863,0,0,inf,inf,'7.05206145453657336e+2160'
864,0,0,inf,inf,'6.09298109671959938e+2163'
865,0,0,inf,inf,'5.27042864866245346e+2166'
866,0,0,inf,inf,'4.5641912097416847e+2169'
867,0,0,inf,inf,'3.95715377884604064e+2172'
868,0,0,inf,inf,'3.43480948003836327e+2175'
869,0,0,inf,inf,'2.98484943815333768e+2178'
870,0,0,inf,inf,'2.59681901119340378e+2181'
871,0,0,inf,inf,'2.2618293587494547e+2184'
872,0,0,inf,inf,'1.97231520082952449e+2187'
873,0,0,inf,inf,'1.72183117032417488e+2190'
874,0,0,inf,inf,'1.50488044286332885e+2193'
875,0,0,inf,inf,'1.31677038750541274e+2196'
876,0,0,inf,inf,'1.15349085945474156e+2199'
877,0,0,inf,inf,'1.01161148374180835e+2202'
878,0,0,inf,inf,'8.88194882725307732e+2204'
879,0,0,inf,inf,'7.80723301915545496e+2207'
880,0,0,inf,inf,'6.87036505685680036e+2210'
881,0,0,inf,inf,'6.05279161509084112e+2213'
882,0,0,inf,inf,'5.33856220451012187e+2216'
883,0,0,inf,inf,'4.71395042658243761e+2219'
884,0,0,inf,inf,'4.16713217709887485e+2222'
885,0,0,inf,inf,'3.68791197673250424e+2225'
886,0,0,inf,inf,'3.26749001138499876e+2228'
887,0,0,inf,inf,'2.8982636400984939e+2231'
888,0,0,inf,inf,'2.57365811240746258e+2234'
889,0,0,inf,inf,'2.28798206193023423e+2237'
890,0,0,inf,inf,'2.03630403511790847e+2240'
891,0,0,inf,inf,'1.81434689529005645e+2243'
892,0,0,inf,inf,'1.61839743059873035e+2246'
893,0,0,inf,inf,'1.4452289055246662e+2249'
894,0,0,inf,inf,'1.29203464153905158e+2252'
895,0,0,inf,inf,'1.15637100417745117e+2255'
896,0,0,inf,inf,'1.03610841974299625e+2258'
897,0,0,inf,inf,'9.29389252509467633e+2260'
898,0,0,inf,inf,'8.34591548753501935e+2263'
899,0,0,inf,inf,'7.50297802329398239e+2266'
900,0,0,inf,inf,'6.75268022096458415e+2269'
901,0,0,inf,inf,'6.08416487908909032e+2272'
902,0,0,inf,inf,'5.48791672093835947e+2275'
903,0,0,inf,inf,'4.9555887990073386e+2278'
904,0,0,inf,inf,'4.4798522743026341e+2281'
905,0,0,inf,inf,'4.05426630824388386e+2284'
906,0,0,inf,inf,'3.67316527526895878e+2287'
907,0,0,inf,inf,'3.33156090466894561e+2290'
908,0,0,inf,inf,'3.02505730143940261e+2293'
909,0,0,inf,inf,'2.74977708700841698e+2296'
910,0,0,inf,inf,'2.50229714917765945e+2299'
911,0,0,inf,inf,'2.27959270290084776e+2302'
912,0,0,inf,inf,'2.07898854504557315e+2305'
913,0,0,inf,inf,'1.89811654162660829e+2308'
914,0,0,inf,inf,'1.73487851904671998e+2311'
915,0,0,inf,inf,'1.58741384492774878e+2314'
916,0,0,inf,inf,'1.45407108195381788e+2317'
917,0,0,inf,inf,'1.333383182151651e+2320'
918,0,0,inf,inf,'1.22404576121521562e+2323'
919,0,0,inf,inf,'1.12489805455678315e+2326'
920,0,0,inf,inf,'1.0349062101922405e+2329'
921,0,0,inf,inf,'9.53148619587053499e+2331'
922,0,0,inf,inf,'8.78803027259263326e+2334'
923,0,0,inf,inf,'8.1113519416030005e+2337'
924,0,0,inf,inf,'7.49488919404117246e+2340'
925,0,0,inf,inf,'6.93277250448808453e+2343'
926,0,0,inf,inf,'6.41974733915596627e+2346'
927,0,0,inf,inf,'5.95110578339758074e+2349'
928,0,0,inf,inf,'5.52262616699295492e+2352'
929,0,0,inf,inf,'5.13051970913645512e+2355'
930,0,0,inf,inf,'4.77138332949690326e+2358'
931,0,0,inf,inf,'4.44215787976161694e+2361'
932,0,0,inf,inf,'4.14009114393782699e+2364'
933,0,0,inf,inf,'3.86270503729399258e+2367'
934,0,0,inf,inf,'3.60776650483258907e+2370'
935,0,0,inf,inf,'3.37326168201847078e+2373'
936,0,0,inf,inf,'3.15737293436928865e+2376'
937,0,0,inf,inf,'2.95845843950402346e+2379'
938,0,0,inf,inf,'2.77503401625477401e+2382'
939,0,0,inf,inf,'2.6057569412632328e+2385'
940,0,0,inf,inf,'2.44941152478743883e+2388'
941,0,0,inf,inf,'2.30489624482497994e+2391'
942,0,0,inf,inf,'2.1712122626251311e+2394'
943,0,0,inf,inf,'2.04745316365549863e+2397'
944,0,0,inf,inf,'1.9327957864907907e+2400'
945,0,0,inf,inf,'1.82649201823379722e+2403'
946,0,0,inf,inf,'1.72786144924917217e+2406'
947,0,0,inf,inf,'1.63628479243896604e+2409'
948,0,0,inf,inf,'1.55119798323213981e+2412'
949,0,0,inf,inf,'1.47208688608730068e+2415'
950,0,0,inf,inf,'1.39848254178293564e+2418'
951,0,0,inf,inf,'1.3299568972355718e+2421'
952,0,0,inf,inf,'1.26611896616826435e+2424'
953,0,0,inf,inf,'1.20661137475835593e+2427'
954,0,0,inf,inf,'1.15110725151947155e+2430'
955,0,0,inf,inf,'1.09930742520109533e+2433'
956,0,0,inf,inf,'1.05093789849224714e+2436'
957,0,0,inf,inf,'1.00574756885708051e+2439'
958,0,0,inf,inf,'9.6350617096508313e+2441'
959,0,0,inf,inf,'9.24002417955514722e+2444'
960,0,0,inf,inf,'8.87042321237294133e+2447'
961,0,0,inf,inf,'8.52447670709039662e+2450'
962,0,0,inf,inf,'8.20054659222096155e+2453'
963,0,0,inf,inf,'7.89712636830878597e+2456'
964,0,0,inf,inf,'7.61282981904966967e+2459'
965,0,0,inf,inf,'7.34638077538293123e+2462'
966,0,0,inf,inf,'7.09660382901991157e+2465'
967,0,0,inf,inf,'6.86241590266225449e+2468'
968,0,0,inf,inf,'6.64281859377706235e+2471'
969,0,0,inf,inf,'6.43689121736997341e+2474'
970,0,0,inf,inf,'6.24378448084887421e+2477'
971,0,0,inf,inf,'6.06271473090425686e+2480'
972,0,0,inf,inf,'5.89295871843893767e+2483'
973,0,0,inf,inf,'5.73384883304108635e+2486'
974,0,0,inf,inf,'5.58476876338201811e+2489'
975,0,0,inf,inf,'5.44514954429746765e+2492'
976,0,0,inf,inf,'5.31446595523432843e+2495'
977,0,0,inf,inf,'5.19223323826393888e+2498'
978,0,0,inf,inf,'5.07800410702213222e+2501'
979,0,0,inf,inf,'4.97136602077466744e+2504'
980,0,0,inf,inf,'4.87193870035917409e+2507'
981,0,0,inf,inf,'4.77937186505234979e+2510'
982,0,0,inf,inf,'4.69334317148140749e+2513'
983,0,0,inf,inf,'4.61355633756622356e+2516'
984,0,0,inf,inf,'4.53973943616516399e+2519'
985,0,0,inf,inf,'4.47164334462268653e+2522'
986,0,0,inf,inf,'4.40904033779796891e+2525'
987,0,0,inf,inf,'4.35172281340659532e+2528'
988,0,0,inf,inf,'4.29950213964571618e+2531'
989,0,0,inf,inf,'4.2522076161096133e+2534'
990,0,0,inf,inf,'4.20968553994851716e+2537'
991,0,0,inf,inf,'4.17179837008898051e+2540'
992,0,0,inf,inf,'4.13842398312826867e+2543'
993,0,0,inf,inf,'4.10945501524637079e+2546'
994,0,0,inf,inf,'4.08479828515489256e+2549'
995,0,0,inf,inf,'4.0643742937291181e+2552'
996,0,0,inf,inf,'4.04811679655420163e+2555'
997,0,0,inf,inf,'4.03597244616453902e+2558'
998,0,0,inf,inf,'4.02790050127220994e+2561'
999,0,0,inf,inf,'4.02387260077093773e+2564'
1000,0,0,inf,inf,'4.02387260077093773e+2567'
1001,0,0,inf,inf,'4.02789647337170867e+2570'
1002,0,0,inf,inf,'4.03595226631845209e+2573'
1003,0,0,inf,inf,'4.04806012311740744e+2576'
1004,0,0,inf,inf,'4.06425236360987707e+2579'
1005,0,0,inf,inf,'4.08457362542792646e+2582'
1006,0,0,inf,inf,'4.10908106718049402e+2585'
1007,0,0,inf,inf,'4.13784463465075748e+2588'
1008,0,0,inf,inf,'4.17094739172796354e+2591'
1009,0,0,inf,inf,'4.20848591825351521e+2594'
1010,0,0,inf,inf,'4.25057077743605036e+2597'
1011,0,0,inf,inf,'4.29732705598784691e+2600'
1012,0,0,inf,inf,'4.34889498065970108e+2603'
1013,0,0,inf,inf,'4.40543061540827719e+2606'
1014,0,0,inf,inf,'4.46710664402399307e+2609'
1015,0,0,inf,inf,'4.53411324368435297e+2612'
1016,0,0,inf,inf,'4.60665905558330262e+2615'
1017,0,0,inf,inf,'4.68497225952821876e+2618'
1018,0,0,inf,inf,'4.7693017601997267e+2621'
1019,0,0,inf,inf,'4.85991849364352151e+2624'
1020,0,0,inf,inf,'4.95711686351639193e+2627'
1021,0,0,inf,inf,'5.06121631765023617e+2630'
1022,0,0,inf,inf,'5.17256307663854136e+2633'
1023,0,0,inf,inf,'5.29153202740122781e+2636'
1024,0,0,inf,inf,'5.41852879605885728e+2639'
1025,0,0,inf,inf,'5.55399201596032871e+2642'
1026,0,0,inf,inf,'5.69839580837529726e+2645'
1027,0,0,inf,inf,'5.85225249520143028e+2648'
1028,0,0,inf,inf,'6.01611556506707033e+2651'
1029,0,0,inf,inf,'6.19058291645401537e+2654'
1030,0,0,inf,inf,'6.37630040394763583e+2657'
1031,0,0,inf,inf,'6.57396571647001254e+2660'
1032,0,0,inf,inf,'6.78433261939705295e+2663'
1033,0,0,inf,inf,'7.00821559583715569e+2666'
1034,0,0,inf,inf,'7.24649492609561899e+2669'
1035,0,0,inf,inf,'7.50012224850896565e+2672'
1036,0,0,inf,inf,'7.77012664945528842e+2675'
1037,0,0,inf,inf,'8.05762133548513409e+2678'
1038,0,0,inf,inf,'8.36381094623356918e+2681'
1039,0,0,inf,inf,'8.68999957313667838e+2684'
1040,0,0,inf,inf,'9.03759955606214552e+2687'
1041,0,0,inf,inf,'9.40814113786069348e+2690'
1042,0,0,inf,inf,'9.80328306565084261e+2693'
1043,0,0,inf,inf,'1.02248242374738288e+2697'
1044,0,0,inf,inf,'1.06747165039226773e+2700'
1045,0,0,inf,inf,'1.11550787465991978e+2703'
1046,0,0,inf,inf,'1.16682123689427609e+2706'
1047,0,0,inf,inf,'1.22166183502830706e+2709'
1048,0,0,inf,inf,'1.2803016031096658e+2712'
1049,0,0,inf,inf,'1.34303638166203943e+2715'
1050,0,0,inf,inf,'1.4101882007451414e+2718'
1051,0,0,inf,inf,'1.48210779898314361e+2721'
1052,0,0,inf,inf,'1.55917740453026708e+2724'
1053,0,0,inf,inf,'1.64181380697037123e+2727'
1054,0,0,inf,inf,'1.73047175254677128e+2730'
1055,0,0,inf,inf,'1.8256476989368437e+2733'
1056,0,0,inf,inf,'1.92788397007730695e+2736'
1057,0,0,inf,inf,'2.03777335637171344e+2739'
1058,0,0,inf,inf,'2.15596421104127282e+2742'
1059,0,0,inf,inf,'2.28316609949270792e+2745'
1060,0,0,inf,inf,'2.4201560654622704e+2748'
1061,0,0,inf,inf,'2.56778558545546889e+2751'
1062,0,0,inf,inf,'2.72698829175370796e+2754'
1063,0,0,inf,inf,'2.89878855413419156e+2757'
1064,0,0,inf,inf,'3.08431102159877982e+2760'
1065,0,0,inf,inf,'3.28479123800270051e+2763'
1066,0,0,inf,inf,'3.50158745971087875e+2766'
1067,0,0,inf,inf,'3.73619381951150762e+2769'
1068,0,0,inf,inf,'3.99025499923829014e+2772'
1069,0,0,inf,inf,'4.26558259418573216e+2775'
1070,0,0,inf,inf,'4.56417337577873341e+2778'
1071,0,0,inf,inf,'4.88822968545902348e+2781'
1072,0,0,inf,inf,'5.24018222281207317e+2784'
1073,0,0,inf,inf,'5.62271552507735451e+2787'
1074,0,0,inf,inf,'6.03879647393307875e+2790'
1075,0,0,inf,inf,'6.49170620947805965e+2793'
1076,0,0,inf,inf,'6.98507588139839219e+2796'
1077,0,0,inf,inf,'7.52292672426606839e+2799'
1078,0,0,inf,inf,'8.10971500875882172e+2802'
1079,0,0,inf,inf,'8.75038249445076864e+2805'
1080,0,0,inf,inf,'9.45041309400683013e+2808'
1081,0,0,inf,inf,'1.02158965546213834e+2812'
1082,0,0,inf,inf,'1.10536000721003368e+2815'
1083,0,0,inf,inf,'1.19710488780846648e+2818'
1084,0,0,inf,inf,'1.29766169838437766e+2821'
1085,0,0,inf,inf,'1.40796294274704976e+2824'
1086,0,0,inf,inf,'1.52904775582329604e+2827'
1087,0,0,inf,inf,'1.6620749105799228e+2830'
1088,0,0,inf,inf,'1.808337502710956e+2833'
1089,0,0,inf,inf,'1.96927954045223109e+2836'
1090,0,0,inf,inf,'2.14651469909293188e+2839'
1091,0,0,inf,inf,'2.34184753671038869e+2842'
1092,0,0,inf,inf,'2.55729751008774444e+2845'
1093,0,0,inf,inf,'2.79512617852590468e+2848'
1094,0,0,inf,inf,'3.05786803930733972e+2851'
1095,0,0,inf,inf,'3.34836550304153699e+2854'
1096,0,0,inf,inf,'3.66980859133352454e+2857'
1097,0,0,inf,inf,'4.02578002469287642e+2860'
1098,0,0,inf,inf,'4.42030646711277831e+2863'
1099,0,0,inf,inf,'4.85791680735694336e+2866'
1100,0,0,inf,inf,'5.3437084880926377e+2869'
1101,0,0,inf,inf,'5.88342304538999411e+2872'
1102,0,0,inf,inf,'6.48353219601977351e+2875'
1103,0,0,inf,inf,'7.15133601220981018e+2878'
1104,0,0,inf,inf,'7.89507495747963044e+2881'
1105,0,0,inf,inf,'8.72405782801499163e+2884'
1106,0,0,inf,inf,'9.64880795778458075e+2887'
1107,0,0,inf,inf,'1.06812304092675309e+2891'
1108,0,0,inf,inf,'1.18348032934684242e+2894'
1109,0,0,inf,inf,'1.31247968524564825e+2897'
1110,0,0,inf,inf,'1.45685245062266955e+2900'
1111,0,0,inf,inf,'1.61856307264178587e+2903'
1112,0,0,inf,inf,'1.79984213677766589e+2906'
1113,0,0,inf,inf,'2.00322429823354214e+2909'
1114,0,0,inf,inf,'2.23159186823216594e+2912'
1115,0,0,inf,inf,'2.48822493307886502e+2915'
1116,0,0,inf,inf,'2.77685902531601337e+2918'
1117,0,0,inf,inf,'3.10175153127798693e+2921'
1118,0,0,inf,inf,'3.46775821196878939e+2924'
1119,0,0,inf,inf,'3.88042143919307533e+2927'
1120,0,0,inf,inf,'4.34607201189624437e+2930'
1121,0,0,inf,inf,'4.87194672533568993e+2933'
1122,0,0,inf,inf,'5.46632422582664411e+2936'
1123,0,0,inf,inf,'6.13868210560332133e+2939'
1124,0,0,inf,inf,'6.89987868669813318e+2942'
1125,0,0,inf,inf,'7.76236352253539982e+2945'
1126,0,0,inf,inf,'8.7404213263748602e+2948'
1127,0,0,inf,inf,'9.85045483482446745e+2951'
1128,0,0,inf,inf,'1.11113130536819993e+2955'
1129,0,0,inf,inf,'1.25446724376069772e+2958'
1130,0,0,inf,inf,'1.41754798544958842e+2961'
1131,0,0,inf,inf,'1.60324677154348451e+2964'
1132,0,0,inf,inf,'1.81487534538722446e+2967'
1133,0,0,inf,inf,'2.05625376632372531e+2970'
1134,0,0,inf,inf,'2.33179177101110451e+2973'
1135,0,0,inf,inf,'2.64658366009760361e+2976'
1136,0,0,inf,inf,'3.00651903787087771e+2979'
1137,0,0,inf,inf,'3.41841214605918795e+2982'
1138,0,0,inf,inf,'3.89015302221535589e+2985'
1139,0,0,inf,inf,'4.43088429230329036e+2988'
1140,0,0,inf,inf,'5.05120809322575101e+2991'
1141,0,0,inf,inf,'5.7634284343705819e+2994'
1142,0,0,inf,inf,'6.58183527205120453e+2997'
1143,0,0,inf,inf,'7.52303771595452678e+3000'
1144,0,0,inf,inf,'8.60635514705197863e+3003'
1145,0,0,inf,inf,'9.85427664337451553e+3006'
1146,0,0,inf,inf,'1.12930010333071948e+3010'
1147,0,0,inf,inf,'1.29530721852033524e+3013'
1148,0,0,inf,inf,'1.48701268686134486e+3016'
1149,0,0,inf,inf,'1.70857757720368524e+3019'
1150,0,0,inf,inf,'1.96486421378423803e+3022'
1151,0,0,inf,inf,'2.26155871006565797e+3025'
1152,0,0,inf,inf,'2.60531563399563798e+3028'
1153,0,0,inf,inf,'3.0039289259969706e+3031'
1154,0,0,inf,inf,'3.46653398060050407e+3034'
1155,0,0,inf,inf,'4.0038467475935822e+3037'
1156,0,0,inf,inf,'4.62844684021818102e+3040'
1157,0,0,inf,inf,'5.35511299413243544e+3043'
1158,0,0,inf,inf,'6.20122084720536024e+3046'
1159,0,0,inf,inf,'7.18721496191101252e+3049'
1160,0,0,inf,inf,'8.33716935581677452e+3052'
1161,0,0,inf,inf,'9.67945362210327522e+3055'
1162,0,0,inf,inf,'1.12475251088840058e+3059'
1163,0,0,inf,inf,'1.30808717016320988e+3062'
1164,0,0,inf,inf,'1.5226134660699763e+3065'
1165,0,0,inf,inf,'1.77384468797152238e+3068'
1166,0,0,inf,inf,'2.0683029061747951e+3071'
1167,0,0,inf,inf,'2.41370949150598588e+3074'
1168,0,0,inf,inf,'2.81921268607899151e+3077'
1169,0,0,inf,inf,'3.29565963002634107e+3080'
1170,0,0,inf,inf,'3.85592176713081906e+3083'
1171,0,0,inf,inf,'4.51528438931018912e+3086'
1172,0,0,inf,inf,'5.29191330427154164e+3089'
1173,0,0,inf,inf,'6.20741430591051835e+3092'
1174,0,0,inf,inf,'7.28750439513894854e+3095'
1175,0,0,inf,inf,'8.56281766428826453e+3098'
1176,0,0,inf,inf,'1.00698735732029991e+3102'
1177,0,0,inf,inf,'1.18522411956599299e+3105'
1178,0,0,inf,inf,'1.39619401284873975e+3108'
1179,0,0,inf,inf,'1.64611274114866416e+3111'
1180,0,0,inf,inf,'1.94241303455542371e+3114'
1181,0,0,inf,inf,'2.2939897938099554e+3117'
1182,0,0,inf,inf,'2.71149593628336728e+3120'
1183,0,0,inf,inf,'3.2076996926232235e+3123'
1184,0,0,inf,inf,'3.79791643606589662e+3126'
1185,0,0,inf,inf,'4.5005309767380875e+3129'
1186,0,0,inf,inf,'5.33762973841137177e+3132'
1187,0,0,inf,inf,'6.33576649949429829e+3135'
1188,0,0,inf,inf,'7.52689060139922637e+3138'
1189,0,0,inf,inf,'8.94947292506368015e+3141'
1190,0,0,inf,inf,'1.06498727808257794e+3145'
1191,0,0,inf,inf,'1.26839984819635032e+3148'
1192,0,0,inf,inf,'1.51193261905004959e+3151'
1193,0,0,inf,inf,'1.80373561452670916e+3154'
1194,0,0,inf,inf,'2.15366032374489073e+3157'
1195,0,0,inf,inf,'2.57362408687514443e+3160'
1196,0,0,inf,inf,'3.07805440790267273e+3163'
1197,0,0,inf,inf,'3.68443112625949926e+3166'
1198,0,0,inf,inf,'4.41394848925888012e+3169'
1199,0,0,inf,inf,'5.29232423862139726e+3172'
1200,0,0,inf,inf,'6.35078908634567671e+3175'
1201,0,0,inf,inf,'7.62729769270115773e+3178'
1202,0,0,inf,inf,'9.16801182662679159e+3181'
1203,0,0,inf,inf,'1.10291182274320303e+3185'
1204,0,0,inf,inf,'1.32790583458281645e+3188'
1205,0,0,inf,inf,'1.60012653067229382e+3191'
1206,0,0,inf,inf,'1.92975259599078634e+3194'
1207,0,0,inf,inf,'2.32921138336087912e+3197'
1208,0,0,inf,inf,'2.81368735109994197e+3200'
1209,0,0,inf,inf,'3.40174800747982985e+3203'
1210,0,0,inf,inf,'4.11611508905059411e+3206'
1211,0,0,inf,inf,'4.98461537284026947e+3209'
1212,0,0,inf,inf,'6.0413538318824066e+3212'
1213,0,0,inf,inf,'7.32816219807335921e+3215'
1214,0,0,inf,inf,'8.89638890846105808e+3218'
1215,0,0,inf,inf,'1.08091125237801856e+3222'
1216,0,0,inf,inf,'1.31438808289167056e+3225'
1217,0,0,inf,inf,'1.59961029687916308e+3228'
1218,0,0,inf,inf,'1.94832534159882063e+3231'
1219,0,0,inf,inf,'2.37500859140896235e+3234'
1220,0,0,inf,inf,'2.89751048151893406e+3237'
1221,0,0,inf,inf,'3.53786029793461849e+3240'
1222,0,0,inf,inf,'4.32326528407610379e+3243'
1223,0,0,inf,inf,'5.28735344242507494e+3246'
1224,0,0,inf,inf,'6.47172061352829172e+3249'
1225,0,0,inf,inf,'7.92785775157215736e+3252'
1226,0,0,inf,inf,'9.71955360342746493e+3255'
1227,0,0,inf,inf,'1.19258922714054995e+3259'
1228,0,0,inf,inf,'1.46449957092859533e+3262'
1229,0,0,inf,inf,'1.79986997267124367e+3265'
1230,0,0,inf,inf,'2.21384006638562971e+3268'
1231,0,0,inf,inf,'2.72523712172071017e+3271'
1232,0,0,inf,inf,'3.35749213395991493e+3274'
1233,0,0,inf,inf,'4.13978780117257511e+3277'
1234,0,0,inf,inf,'5.10849814664695769e+3280'
1235,0,0,inf,inf,'6.30899521110899274e+3283'
1236,0,0,inf,inf,'7.79791808093071503e+3286'
1237,0,0,inf,inf,'9.64602466611129449e+3289'
1238,0,0,inf,inf,'1.19417785366457826e+3293'
1239,0,0,inf,inf,'1.47958636069041246e+3296'
1240,0,0,inf,inf,'1.83468708725611145e+3299'
1241,0,0,inf,inf,'2.27684667528483431e+3302'
1242,0,0,inf,inf,'2.82784357070376422e+3305'
1243,0,0,inf,inf,'3.51500955838477892e+3308'
1244,0,0,inf,inf,'4.37267189063066498e+3311'
1245,0,0,inf,inf,'5.4439765038351779e+3314'
1246,0,0,inf,inf,'6.78319472377863166e+3317'
1247,0,0,inf,inf,'8.45864382055195368e+3320'
1248,0,0,inf,inf,'1.05563874880488382e+3324'
1249,0,0,inf,inf,'1.31849279725729989e+3327'
1250,0,0,inf,inf,'1.64811599657162486e+3330'
1251,0,0,inf,inf,'2.0617931117111027e+3333'
1252,0,0,inf,inf,'2.58136497586230059e+3336'
1253,0,0,inf,inf,'3.23445031475546263e+3339'
1254,0,0,inf,inf,'4.05600069470335014e+3342'
1255,0,0,inf,inf,'5.09028087185270443e+3345'
1256,0,0,inf,inf,'6.39339277504699676e+3348'
1257,0,0,inf,inf,'8.03649471823407493e+3351'
1258,0,0,inf,inf,'1.01099103555384663e+3355'
1259,0,0,inf,inf,'1.2728377137622929e+3358'
1260,0,0,inf,inf,'1.60377551934048906e+3361'
1261,0,0,inf,inf,'2.0223609298883567e+3364'
1262,0,0,inf,inf,'2.55221949351910616e+3367'
1263,0,0,inf,inf,'3.22345322031463108e+3370'
1264,0,0,inf,inf,'4.07444487047769368e+3373'
1265,0,0,inf,inf,'5.1541727611542825e+3376'
1266,0,0,inf,inf,'6.52518271562132165e+3379'
1267,0,0,inf,inf,'8.26740650069221453e+3382'
1268,0,0,inf,inf,'1.0483071442877728e+3386'
1269,0,0,inf,inf,'1.33030176610118369e+3389'
1270,0,0,inf,inf,'1.68948324294850328e+3392'
1271,0,0,inf,inf,'2.14733320178754767e+3395'
1272,0,0,inf,inf,'2.73140783267376064e+3398'
1273,0,0,inf,inf,'3.47708217099369729e+3401'
1274,0,0,inf,inf,'4.42980268584597035e+3404'
1275,0,0,inf,inf,'5.6479984244536122e+3407'
1276,0,0,inf,inf,'7.20684598960280916e+3410'
1277,0,0,inf,inf,'9.2031423287227873e+3413'
1278,0,0,inf,inf,'1.17616158961077222e+3417'
1279,0,0,inf,inf,'1.50431067311217767e+3420'
1280,0,0,inf,inf,'1.92551766158358741e+3423'
1281,0,0,inf,inf,'2.46658812448857547e+3426'
1282,0,0,inf,inf,'3.16216597559435376e+3429'
1283,0,0,inf,inf,'4.05705894668755587e+3432'
1284,0,0,inf,inf,'5.20926368754682174e+3435'
1285,0,0,inf,inf,'6.69390383849766594e+3438'
1286,0,0,inf,inf,'8.60836033630799839e+3441'
1287,0,0,inf,inf,'1.10789597528283939e+3445'
1288,0,0,inf,inf,'1.42697001616429714e+3448'
1289,0,0,inf,inf,'1.83936435083577901e+3451'
1290,0,0,inf,inf,'2.37278001257815492e+3454'
1291,0,0,inf,inf,'3.06325899623839801e+3457'
1292,0,0,inf,inf,'3.95773062314001023e+3460'
1293,0,0,inf,inf,'5.11734569572003322e+3463'
1294,0,0,inf,inf,'6.62184533026172299e+3466'
1295,0,0,inf,inf,'8.57528970268893127e+3469'
1296,0,0,inf,inf,'1.11135754546848549e+3473'
1297,0,0,inf,inf,'1.44143073647262568e+3476'
1298,0,0,inf,inf,'1.87097709594146814e+3479'
1299,0,0,inf,inf,'2.43039924762796711e+3482'
1300,0,0,inf,inf,'3.15951902191635725e+3485'
1301,0,0,inf,inf,'4.11053424751318078e+3488'
1302,0,0,inf,inf,'5.35191559026216137e+3491'
1303,0,0,inf,inf,'6.97354601411159627e+3494'
1304,0,0,inf,inf,'9.09350400240152153e+3497'
1305,0,0,inf,inf,'1.18670227231339856e+3501'
1306,0,0,inf,inf,'1.54983316764129852e+3504'
1307,0,0,inf,inf,'2.02563195010717716e+3507'
1308,0,0,inf,inf,'2.64952659074018773e+3510'
1309,0,0,inf,inf,'3.46823030727890574e+3513'
1310,0,0,inf,inf,'4.54338170253536652e+3516'
1311,0,0,inf,inf,'5.95637341202386551e+3519'
1312,0,0,inf,inf,'7.81476191657531154e+3522'
1313,0,0,inf,inf,'1.02607823964633841e+3526'
1314,0,0,inf,inf,'1.34826680689528867e+3529'
1315,0,0,inf,inf,'1.77297085106730459e+3532'
1316,0,0,inf,inf,'2.33322964000457285e+3535'
1317,0,0,inf,inf,'3.07286343588602244e+3538'
1318,0,0,inf,inf,'4.05003400849777757e+3541'
1319,0,0,inf,inf,'5.34199485720856862e+3544'
1320,0,0,inf,inf,'7.05143321151531058e+3547'
1321,0,0,inf,inf,'9.31494327241172527e+3550'
1322,0,0,inf,inf,'1.23143550061283008e+3554'
1323,0,0,inf,inf,'1.6291891673107742e+3557'
1324,0,0,inf,inf,'2.15704645751946504e+3560'
1325,0,0,inf,inf,'2.85808655621329118e+3563'
1326,0,0,inf,inf,'3.7898227735388241e+3566'
1327,0,0,inf,inf,'5.02909482048601958e+3569'
1328,0,0,inf,inf,'6.678637921605434e+3572'
1329,0,0,inf,inf,'8.87590979781362179e+3575'
1330,0,0,inf,inf,'1.1804960031092117e+3579'
1331,0,0,inf,inf,'1.57124018013836077e+3582'
1332,0,0,inf,inf,'2.09289191994429654e+3585'
1333,0,0,inf,inf,'2.78982492928574729e+3588'
1334,0,0,inf,inf,'3.72162645566718689e+3591'
1335,0,0,inf,inf,'4.9683713183156945e+3594'
1336,0,0,inf,inf,'6.63774408126976785e+3597'
1337,0,0,inf,inf,'8.87466383665767962e+3600'
1338,0,0,inf,inf,'1.18743002134479753e+3604'
1339,0,0,inf,inf,'1.5899687985806839e+3607'
1340,0,0,inf,inf,'2.13055819009811642e+3610'
1341,0,0,inf,inf,'2.85707853292157412e+3613'
1342,0,0,inf,inf,'3.83419939118075247e+3616'
1343,0,0,inf,inf,'5.14932978235575057e+3619'
1344,0,0,inf,inf,'6.92069922748612876e+3622'
1345,0,0,inf,inf,'9.30834046096884318e+3625'
1346,0,0,inf,inf,'1.25290262604640629e+3629'
1347,0,0,inf,inf,'1.68765983728450928e+3632'
1348,0,0,inf,inf,'2.2749654606595185e+3635'
1349,0,0,inf,inf,'3.06892840642969046e+3638'
1350,0,0,inf,inf,'4.14305334868008212e+3641'
1351,0,0,inf,inf,'5.59726507406679095e+3644'
1352,0,0,inf,inf,'7.56750238013830136e+3647'
1353,0,0,inf,inf,'1.02388307203271217e+3651'
1354,0,0,inf,inf,'1.38633767953229228e+3654'
1355,0,0,inf,inf,'1.87848755576625605e+3657'
1356,0,0,inf,inf,'2.5472291256190432e+3660'
1357,0,0,inf,inf,'3.45658992346504162e+3663'
1358,0,0,inf,inf,'4.69404911606552652e+3666'
1359,0,0,inf,inf,'6.37921274873305054e+3669'
1360,0,0,inf,inf,'8.67572933827694873e+3672'
1361,0,0,inf,inf,'1.18076676293949272e+3676'
1362,0,0,inf,inf,'1.60820433112358909e+3679'
1363,0,0,inf,inf,'2.19198250332145193e+3682'
1364,0,0,inf,inf,'2.98986413453046043e+3685'
1365,0,0,inf,inf,'4.08116454363407848e+3688'
1366,0,0,inf,inf,'5.57487076660415121e+3691'
1367,0,0,inf,inf,'7.6208483379478747e+3694'
1368,0,0,inf,inf,'1.04253205263126926e+3698'
1369,0,0,inf,inf,'1.42722638005220762e+3701'
1370,0,0,inf,inf,'1.95530014067152443e+3704'
1371,0,0,inf,inf,'2.68071649286066e+3707'
1372,0,0,inf,inf,'3.67794302820482552e+3710'
1373,0,0,inf,inf,'5.04981577772522544e+3713'
1374,0,0,inf,inf,'6.93844687859445975e+3716'
1375,0,0,inf,inf,'9.54036445806738216e+3719'
1376,0,0,inf,inf,'1.31275414943007178e+3723'
1377,0,0,inf,inf,'1.80766246376520885e+3726'
1378,0,0,inf,inf,'2.49095887506845779e+3729'
1379,0,0,inf,inf,'3.4350322887194033e+3732'
1380,0,0,inf,inf,'4.74034455843277655e+3735'
1381,0,0,inf,inf,'6.54641583519566441e+3738'
1382,0,0,inf,inf,'9.04714668424040822e+3741'
1383,0,0,inf,inf,'1.25122038643044846e+3745'
1384,0,0,inf,inf,'1.73168901481974066e+3748'
1385,0,0,inf,inf,'2.39838928552534082e+3751'
1386,0,0,inf,inf,'3.32416754973812238e+3754'
1387,0,0,inf,inf,'4.61062039148677574e+3757'
1388,0,0,inf,inf,'6.39954110338364472e+3760'
1389,0,0,inf,inf,'8.88896259259988252e+3763'
1390,0,0,inf,inf,'1.23556580037138367e+3767'
1391,0,0,inf,inf,'1.71867202831659468e+3770'
1392,0,0,inf,inf,'2.3923914634166998e+3773'
1393,0,0,inf,inf,'3.33260130853946282e+3776'
1394,0,0,inf,inf,'4.64564622410401118e+3779'
1395,0,0,inf,inf,'6.48067648262509559e+3782'
1396,0,0,inf,inf,'9.04702436974463344e+3785'
1397,0,0,inf,inf,'1.26386930445332529e+3789'
1398,0,0,inf,inf,'1.76688928762574876e+3792'
1399,0,0,inf,inf,'2.47187811338842251e+3795'
1400,0,0,inf,inf,'3.46062935874379152e+3798'
1401,0,0,inf,inf,'4.84834173160005192e+3801'
1402,0,0,inf,inf,'6.79737510770327279e+3804'
1403,0,0,inf,inf,'9.53671727610769172e+3807'
1404,0,0,inf,inf,'1.33895510556551992e+3811'
1405,0,0,inf,inf,'1.88123192331955548e+3814'
1406,0,0,inf,inf,'2.64501208418729501e+3817'
1407,0,0,inf,inf,'3.72153200245152408e+3820'
1408,0,0,inf,inf,'5.2399170594517459e+3823'
1409,0,0,inf,inf,'7.38304313676750998e+3826'
1410,0,0,inf,inf,'1.04100908228421891e+3830'
1411,0,0,inf,inf,'1.46886381510303288e+3833'
1412,0,0,inf,inf,'2.07403570692548242e+3836'
1413,0,0,inf,inf,'2.93061245388570666e+3839'
1414,0,0,inf,inf,'4.14388600979438922e+3842'
1415,0,0,inf,inf,'5.86359870385906075e+3845'
1416,0,0,inf,inf,'8.30285576466443002e+3848'
1417,0,0,inf,inf,'1.17651466185294973e+3852'
1418,0,0,inf,inf,'1.66829779050748272e+3855'
1419,0,0,inf,inf,'2.36731456473011798e+3858'
1420,0,0,inf,inf,'3.36158668191676754e+3861'
1421,0,0,inf,inf,'4.77681467500372667e+3864'
1422,0,0,inf,inf,'6.79263046785529933e+3867'
1423,0,0,inf,inf,'9.66591315575809094e+3870'
1424,0,0,inf,inf,'1.37642603337995215e+3874'
1425,0,0,inf,inf,'1.96140709756643181e+3877'
1426,0,0,inf,inf,'2.79696652112973177e+3880'
1427,0,0,inf,inf,'3.99127122565212723e+3883'
1428,0,0,inf,inf,'5.69953531023123768e+3886'
1429,0,0,inf,inf,'8.14463595832043865e+3889'
1430,0,0,inf,inf,'1.16468294203982273e+3893'
1431,0,0,inf,inf,'1.66666129005898632e+3896'
1432,0,0,inf,inf,'2.38665896736446841e+3899'
1433,0,0,inf,inf,'3.42008230023328324e+3902'
1434,0,0,inf,inf,'4.90439801853452816e+3905'
1435,0,0,inf,inf,'7.03781115659704791e+3908'
1436,0,0,inf,inf,'1.01062968208733608e+3912'
1437,0,0,inf,inf,'1.45227485315950195e+3915'
1438,0,0,inf,inf,'2.0883712388433638e+3918'
1439,0,0,inf,inf,'3.00516621269560051e+3921'
1440,0,0,inf,inf,'4.32743934628166473e+3924'
1441,0,0,inf,inf,'6.23584009799187888e+3927'
1442,0,0,inf,inf,'8.99208142130428935e+3930'
1443,0,0,inf,inf,'1.29755734909420895e+3934'
1444,0,0,inf,inf,'1.87367281209203773e+3937'
1445,0,0,inf,inf,'2.70745721347299452e+3940'
1446,0,0,inf,inf,'3.91498313068195007e+3943'
1447,0,0,inf,inf,'5.66498059009678175e+3946'
1448,0,0,inf,inf,'8.20289189446013998e+3949'
1449,0,0,inf,inf,'1.18859903550727428e+3953'
1450,0,0,inf,inf,'1.72346860148554771e+3956'
1451,0,0,inf,inf,'2.50075294075552973e+3959'
1452,0,0,inf,inf,'3.63109326997702916e+3962'
1453,0,0,inf,inf,'5.27597852127662337e+3965'
1454,0,0,inf,inf,'7.67127276993621039e+3968'
1455,0,0,inf,inf,'1.11617018802571861e+3972'
1456,0,0,inf,inf,'1.6251437937654463e+3975'
1457,0,0,inf,inf,'2.36783450751625526e+3978'
1458,0,0,inf,inf,'3.45230271195870016e+3981'
1459,0,0,inf,inf,'5.03690965674774354e+3984'
1460,0,0,inf,inf,'7.35388809885170557e+3987'
1461,0,0,inf,inf,'1.07440305124223418e+3991'
1462,0,0,inf,inf,'1.57077726091614638e+3994'
1463,0,0,inf,inf,'2.29804713272032215e+3997'
1464,0,0,inf,inf,'3.36434100230255162e+4000'
1465,0,0,inf,inf,'4.92875956837323813e+4003'
1466,0,0,inf,inf,'7.2255615272351671e+4006'
1467,0,0,inf,inf,'1.05998987604539901e+4010'
1468,0,0,inf,inf,'1.55606513803464575e+4013'
1469,0,0,inf,inf,'2.28585968777289461e+4016'
1470,0,0,inf,inf,'3.36021374102615508e+4019'
1471,0,0,inf,inf,'4.94287441304947412e+4022'
1472,0,0,inf,inf,'7.2759111360088259e+4025'
1473,0,0,inf,inf,'1.07174171033410005e+4029'
1474,0,0,inf,inf,'1.57974728103246348e+4032'
1475,0,0,inf,inf,'2.33012723952288363e+4035'
1476,0,0,inf,inf,'3.43926780553577624e+4038'
1477,0,0,inf,inf,'5.07979854877634151e+4041'
1478,0,0,inf,inf,'7.50794225509143276e+4044'
1479,0,0,inf,inf,'1.1104246595280229e+4048'
1480,0,0,inf,inf,'1.6434284961014739e+4051'
1481,0,0,inf,inf,'2.43391760272628284e+4054'
1482,0,0,inf,inf,'3.60706588724035117e+4057'
1483,0,0,inf,inf,'5.34927871077744079e+4060'
1484,0,0,inf,inf,'7.93832960679372214e+4063'
1485,0,0,inf,inf,'1.17884194660886774e+4067'
1486,0,0,inf,inf,'1.75175913266077746e+4070'
1487,0,0,inf,inf,'2.60486583026657608e+4073'
1488,0,0,inf,inf,'3.87604035543666521e+4076'
1489,0,0,inf,inf,'5.77142408924519449e+4079'
1490,0,0,inf,inf,'8.59942189297533979e+4082'
1491,0,0,inf,inf,'1.28217380424262316e+4086'
1492,0,0,inf,inf,'1.91300331592999376e+4089'
1493,0,0,inf,inf,'2.85611395068348068e+4092'
1494,0,0,inf,inf,'4.26703424232112014e+4095'
1495,0,0,inf,inf,'6.37921619227007461e+4098'
1496,0,0,inf,inf,'9.54330742363603162e+4101'
1497,0,0,inf,inf,'1.42863312131831393e+4105'
1498,0,0,inf,inf,'2.14009241573483427e+4108'
1499,0,0,inf,inf,'3.20799853118651657e+4111'
1500,0,0,inf,inf,'4.81199779677977486e+4114'
1501,0,0,inf,inf,'7.22280869296644206e+4117'
1502,0,0,inf,inf,'1.0848658656835596e+4121'
1503,0,0,inf,inf,'1.63055339612239008e+4124'
1504,0,0,inf,inf,'2.45235230776807467e+4127'
1505,0,0,inf,inf,'3.69079022319095238e+4130'
1506,0,0,inf,inf,'5.55833007612557429e+4133'
1507,0,0,inf,inf,'8.37640342472124046e+4136'
1508,0,0,inf,inf,'1.26316163644796306e+4140'
1509,0,0,inf,inf,'1.90611090939997626e+4143'
1510,0,0,inf,inf,'2.87822747319396415e+4146'
1511,0,0,inf,inf,'4.34900171199607983e+4149'
1512,0,0,inf,inf,'6.57569058853807271e+4152'
1513,0,0,inf,inf,'9.94901986045810401e+4155'
1514,0,0,inf,inf,'1.50628160687335695e+4159'
1515,0,0,inf,inf,'2.28201663441313577e+4162'
1516,0,0,inf,inf,'3.45953721777031383e+4165'
1517,0,0,inf,inf,'5.24811795935756609e+4168'
1518,0,0,inf,inf,'7.96664306230478532e+4171'
1519,0,0,inf,inf,'1.21013308116409689e+4175'
1520,0,0,inf,inf,'1.83940228336942727e+4178'
1521,0,0,inf,inf,'2.79773087300489888e+4181'
1522,0,0,inf,inf,'4.2581463887134561e+4184'
1523,0,0,inf,inf,'6.48515695001059364e+4187'
1524,0,0,inf,inf,'9.8833791918161447e+4190'
1525,0,0,inf,inf,'1.50721532675196207e+4194'
1526,0,0,inf,inf,'2.30001058862349411e+4197'
1527,0,0,inf,inf,'3.51211616882807551e+4200'
1528,0,0,inf,inf,'5.36651350596929938e+4203'
1529,0,0,inf,inf,'8.20539915062705876e+4206'
1530,0,0,inf,inf,'1.25542607004593999e+4210'
1531,0,0,inf,inf,'1.92205731324033412e+4213'
1532,0,0,inf,inf,'2.94459180388419188e+4216'
1533,0,0,inf,inf,'4.51405923535446615e+4219'
1534,0,0,inf,inf,'6.92456686703375107e+4222'
1535,0,0,inf,inf,'1.06292101408968079e+4226'
1536,0,0,inf,inf,'1.63264667764174969e+4229'
1537,0,0,inf,inf,'2.50937794353536928e+4232'
1538,0,0,inf,inf,'3.85942327715739795e+4235'
1539,0,0,inf,inf,'5.93965242354523544e+4238'
1540,0,0,inf,inf,'9.14706473225966258e+4241'
1541,0,0,inf,inf,'1.409562675241214e+4245'
1542,0,0,inf,inf,'2.17354564522195199e+4248'
1543,0,0,inf,inf,'3.35378093057747193e+4251'
1544,0,0,inf,inf,'5.17823775681161666e+4254'
1545,0,0,inf,inf,'8.00037733427394773e+4257'
1546,0,0,inf,inf,'1.23685833587875232e+4261'
1547,0,0,inf,inf,'1.91341984560442984e+4264'
1548,0,0,inf,inf,'2.96197392099565739e+4267'
1549,0,0,inf,inf,'4.5880976036222733e+4270'
1550,0,0,inf,inf,'7.11155128561452361e+4273'
1551,0,0,inf,inf,'1.10300160439881261e+4277'
1552,0,0,inf,inf,'1.71185849002695717e+4280'
1553,0,0,inf,inf,'2.65851623501186449e+4283'
1554,0,0,inf,inf,'4.13133422920843742e+4286'
1555,0,0,inf,inf,'6.42422472641912019e+4289'
1556,0,0,inf,inf,'9.99609367430815101e+4292'
1557,0,0,inf,inf,'1.55639178508977911e+4296'
1558,0,0,inf,inf,'2.42485840116987586e+4299'
1559,0,0,inf,inf,'3.78035424742383646e+4302'
1560,0,0,inf,inf,'5.89735262598118488e+4305'
1561,0,0,inf,inf,'9.2057674491566296e+4308'
1562,0,0,inf,inf,'1.43794087555826554e+4312'
1563,0,0,inf,inf,'2.24750158849756904e+4315'
1564,0,0,inf,inf,'3.51509248441019798e+4318'
1565,0,0,inf,inf,'5.50111973810195984e+4321'
1566,0,0,inf,inf,'8.61475350986766912e+4324'
1567,0,0,inf,inf,'1.34993187499626375e+4328'
1568,0,0,inf,inf,'2.11669317999414156e+4331'
1569,0,0,inf,inf,'3.32109159941080811e+4334'
1570,0,0,inf,inf,'5.21411381107496873e+4337'
1571,0,0,inf,inf,'8.19137279719877588e+4340'
1572,0,0,inf,inf,'1.28768380371964757e+4344'
1573,0,0,inf,inf,'2.02552662325100562e+4347'
1574,0,0,inf,inf,'3.18817890499708285e+4350'
1575,0,0,inf,inf,'5.02138177537040549e+4353'
1576,0,0,inf,inf,'7.91369767798375906e+4356'
1577,0,0,inf,inf,'1.2479901238180388e+4360'
1578,0,0,inf,inf,'1.96932841538486523e+4363'
1579,0,0,inf,inf,'3.1095695678927022e+4366'
1580,0,0,inf,inf,'4.91311991727046948e+4369'
1581,0,0,inf,inf,'7.76764258920461224e+4372'
1582,0,0,inf,inf,'1.22884105761216966e+4376'
1583,0,0,inf,inf,'1.94525539420006457e+4379'
1584,0,0,inf,inf,'3.08128454441290227e+4382'
1585,0,0,inf,inf,'4.8838360028944501e+4385'
1586,0,0,inf,inf,'7.74576390059059787e+4388'
1587,0,0,inf,inf,'1.22925273102372788e+4392'
1588,0,0,inf,inf,'1.95205333686567988e+4395'
1589,0,0,inf,inf,'3.10181275227956532e+4398'
1590,0,0,inf,inf,'4.93188227612450886e+4401'
1591,0,0,inf,inf,'7.8466247013140936e+4404'
1592,0,0,inf,inf,'1.2491826524492037e+4408'
1593,0,0,inf,inf,'1.9899479653515815e+4411'
1594,0,0,inf,inf,'3.1719770567704209e+4414'
1595,0,0,inf,inf,'5.05930340554882134e+4417'
1596,0,0,inf,inf,'8.07464823525591886e+4420'
1597,0,0,inf,inf,'1.28952132317037024e+4424'
1598,0,0,inf,inf,'2.06065507442625165e+4427'
1599,0,0,inf,inf,'3.29498746400757638e+4430'
1600,0,0,inf,inf,'5.27197994241212221e+4433'
1601,0,0,inf,inf,'8.44043988780180766e+4436'
1602,0,0,inf,inf,'1.35215847002584959e+4440'
1603,0,0,inf,inf,'2.16751002745143689e+4443'
1604,0,0,inf,inf,'3.47668608403210477e+4446'
1605,0,0,inf,inf,'5.58008116487152816e+4449'
1606,0,0,inf,inf,'8.96161035078367422e+4452'
1607,0,0,inf,inf,'1.44013078337093645e+4456'
1608,0,0,inf,inf,'2.31573029966046581e+4459'
1609,0,0,inf,inf,'3.72601005215368948e+4462'
1610,0,0,inf,inf,'5.99887618396744007e+4465'
1611,0,0,inf,inf,'9.66418953237154595e+4468'
1612,0,0,inf,inf,'1.55786735261829321e+4472'
1613,0,0,inf,inf,'2.51284003977330694e+4475'
1614,0,0,inf,inf,'4.05572382419411741e+4478'
1615,0,0,inf,inf,'6.54999397607349961e+4481'
1616,0,0,inf,inf,'1.05847902653347754e+4485'
1617,0,0,inf,inf,'1.71156058590463318e+4488'
1618,0,0,inf,inf,'2.76930502799369648e+4491'
1619,0,0,inf,inf,'4.4835048403217946e+4494'
1620,0,0,inf,inf,'7.26327784132130726e+4497'
1621,0,0,inf,inf,'1.17737733807818391e+4501'
1622,0,0,inf,inf,'1.9097060423628143e+4504'
1623,0,0,inf,inf,'3.0994529067548476e+4507'
1624,0,0,inf,inf,'5.03351152056987251e+4510'
1625,0,0,inf,inf,'8.17945622092604282e+4513'
1626,0,0,inf,inf,'1.32997958152257456e+4517'
1627,0,0,inf,inf,'2.16387677913722881e+4520'
1628,0,0,inf,inf,'3.52279139643540851e+4523'
1629,0,0,inf,inf,'5.73862718479328046e+4526'
1630,0,0,inf,inf,'9.35396231121304715e+4529'
1631,0,0,inf,inf,'1.52563125295884799e+4533'
1632,0,0,inf,inf,'2.48983020482883992e+4536'
1633,0,0,inf,inf,'4.06589272448549559e+4539'
1634,0,0,inf,inf,'6.6436687118092998e+4542'
1635,0,0,inf,inf,'1.08623983438082052e+4546'
1636,0,0,inf,inf,'1.77708836904702237e+4549'
1637,0,0,inf,inf,'2.90909366012997561e+4552'
1638,0,0,inf,inf,'4.76509541529290005e+4555'
1639,0,0,inf,inf,'7.80999138566506319e+4558'
1640,0,0,inf,inf,'1.28083858724907036e+4562'
1641,0,0,inf,inf,'2.10185612167572446e+4565'
1642,0,0,inf,inf,'3.45124775179153957e+4568'
1643,0,0,inf,inf,'5.67040005619349952e+4571'
1644,0,0,inf,inf,'9.3221376923821132e+4574'
1645,0,0,inf,inf,'1.53349165039685762e+4578'
1646,0,0,inf,inf,'2.52412725655322765e+4581'
1647,0,0,inf,inf,'4.15723759154316593e+4584'
1648,0,0,inf,inf,'6.85112755086313746e+4587'
1649,0,0,inf,inf,'1.12975093313733137e+4591'
1650,0,0,inf,inf,'1.86408903967659675e+4594'
1651,0,0,inf,inf,'3.07761100450606124e+4597'
1652,0,0,inf,inf,'5.08421337944401317e+4600'
1653,0,0,inf,inf,'8.40420471622095377e+4603'
1654,0,0,inf,inf,'1.39005546006294575e+4607'
1655,0,0,inf,inf,'2.30054178640417522e+4610'
1656,0,0,inf,inf,'3.80969719828531417e+4613'
1657,0,0,inf,inf,'6.31266825755876558e+4616'
1658,0,0,inf,inf,'1.04664039710324333e+4620'
1659,0,0,inf,inf,'1.73637641879428069e+4623'
1660,0,0,inf,inf,'2.88238485519850594e+4626'
1661,0,0,inf,inf,'4.78764124448471837e+4629'
1662,0,0,inf,inf,'7.95705974833360194e+4632'
1663,0,0,inf,inf,'1.323259036147878e+4636'
1664,0,0,inf,inf,'2.201903036150069e+4639'
1665,0,0,inf,inf,'3.66616855518986488e+4642'
1666,0,0,inf,inf,'6.10783681294631488e+4645'
1667,0,0,inf,inf,'1.01817639671815069e+4649'
1668,0,0,inf,inf,'1.69831822972587535e+4652'
1669,0,0,inf,inf,'2.83449312541248596e+4655'
1670,0,0,inf,inf,'4.73360351943885156e+4658'
1671,0,0,inf,inf,'7.90985148098232096e+4661'
1672,0,0,inf,inf,'1.32252716762024406e+4665'
1673,0,0,inf,inf,'2.21258795142866832e+4668'
1674,0,0,inf,inf,'3.70387223069159077e+4671'
1675,0,0,inf,inf,'6.20398598640841453e+4674'
1676,0,0,inf,inf,'1.03978805132205028e+4678'
1677,0,0,inf,inf,'1.74372456206707831e+4681'
1678,0,0,inf,inf,'2.92596981514855741e+4684'
1679,0,0,inf,inf,'4.91270331963442789e+4687'
1680,0,0,inf,inf,'8.25334157698583885e+4690'
1681,0,0,inf,inf,'1.38738671909131951e+4694'
1682,0,0,inf,inf,'2.33358446151159942e+4697'
1683,0,0,inf,inf,'3.92742264872402182e+4700'
1684,0,0,inf,inf,'6.61377974045125275e+4703'
1685,0,0,inf,inf,'1.11442188626603609e+4707'
1686,0,0,inf,inf,'1.87891530024453684e+4710'
1687,0,0,inf,inf,'3.16973011151253366e+4713'
1688,0,0,inf,inf,'5.35050442823315681e+4716'
1689,0,0,inf,inf,'9.03700197928580185e+4719'
1690,0,0,inf,inf,'1.52725333449930051e+4723'
1691,0,0,inf,inf,'2.58258538863831717e+4726'
1692,0,0,inf,inf,'4.36973447757603265e+4729'
1693,0,0,inf,inf,'7.39796047053622327e+4732'
1694,0,0,inf,inf,'1.25321450370883622e+4736'
1695,0,0,inf,inf,'2.1241985837864774e+4739'
1696,0,0,inf,inf,'3.60264079810186566e+4742'
1697,0,0,inf,inf,'6.11368143437886603e+4745'
1698,0,0,inf,inf,'1.03810310755753145e+4749'
1699,0,0,inf,inf,'1.76373717974024594e+4752'
1700,0,0,inf,inf,'2.99835320555841809e+4755'
1701,0,0,inf,inf,'5.10019880265486918e+4758'
1702,0,0,inf,inf,'8.68053836211858734e+4761'
1703,0,0,inf,inf,'1.47829568306879542e+4765'
1704,0,0,inf,inf,'2.5190158439492274e+4768'
1705,0,0,inf,inf,'4.29492201393343272e+4771'
1706,0,0,inf,inf,'7.32713695577043622e+4774'
1707,0,0,inf,inf,'1.25074227835001346e+4778'
1708,0,0,inf,inf,'2.136267811421823e+4781'
1709,0,0,inf,inf,'3.6508816897198955e+4784'
1710,0,0,inf,inf,'6.2430076894210213e+4787'
1711,0,0,inf,inf,'1.06817861565993675e+4791'
1712,0,0,inf,inf,'1.82872179000981171e+4794'
1713,0,0,inf,inf,'3.13260042628680746e+4797'
1714,0,0,inf,inf,'5.36927713065558798e+4800'
1715,0,0,inf,inf,'9.20831027907433338e+4803'
1716,0,0,inf,inf,'1.58014604388915561e+4807'
1717,0,0,inf,inf,'2.71311075735768018e+4810'
1718,0,0,inf,inf,'4.66112428114049455e+4813'
1719,0,0,inf,inf,'8.01247263928051013e+4816'
1720,0,0,inf,inf,'1.37814529395624774e+4820'
1721,0,0,inf,inf,'2.37178805089870236e+4823'
1722,0,0,inf,inf,'4.08421902364756547e+4826'
1723,0,0,inf,inf,'7.03710937774475531e+4829'
1724,0,0,inf,inf,'1.21319765672319582e+4833'
1725,0,0,inf,inf,'2.09276595784751278e+4836'
1726,0,0,inf,inf,'3.61211404324480706e+4839'
1727,0,0,inf,inf,'6.23812095268378179e+4842'
1728,0,0,inf,inf,'1.07794730062375749e+4846'
1729,0,0,inf,inf,'1.86377088277847671e+4849'
1730,0,0,inf,inf,'3.2243236272067647e+4852'
1731,0,0,inf,inf,'5.5813041986949097e+4855'
1732,0,0,inf,inf,'9.6668188721395836e+4858'
1733,0,0,inf,inf,'1.67525971054178984e+4862'
1734,0,0,inf,inf,'2.90490033807946358e+4865'
1735,0,0,inf,inf,'5.04000208656786931e+4868'
1736,0,0,inf,inf,'8.74944362228182112e+4871'
1737,0,0,inf,inf,'1.51977835719035233e+4875'
1738,0,0,inf,inf,'2.64137478479683235e+4878'
1739,0,0,inf,inf,'4.59335075076169145e+4881'
1740,0,0,inf,inf,'7.99243030632534313e+4884'
1741,0,0,inf,inf,'1.39148211633124224e+4888'
1742,0,0,inf,inf,'2.42396184664902398e+4891'
1743,0,0,inf,inf,'4.2249654987092488e+4894'
1744,0,0,inf,inf,'7.3683398297489299e+4897'
1745,0,0,inf,inf,'1.28577530029118827e+4901'
1746,0,0,inf,inf,'2.24496367430841472e+4904'
1747,0,0,inf,inf,'3.92195153901680051e+4907'
1748,0,0,inf,inf,'6.85557129020136729e+4910'
1749,0,0,inf,inf,'1.19903941865621914e+4914'
1750,0,0,inf,inf,'2.09831898264838349e+4917'
1751,0,0,inf,inf,'3.6741565386173195e+4920'
1752,0,0,inf,inf,'6.43712225565754376e+4923'
1753,0,0,inf,inf,'1.12842753141676742e+4927'
1754,0,0,inf,inf,'1.97926189010501006e+4930'
1755,0,0,inf,inf,'inf'
1756,0,0,inf,inf,'inf'
1757,0,0,inf,inf,'inf'
1758,0,0,inf,inf,'inf'
1759,0,0,inf,inf,'inf'
1760,0,0,inf,inf,'inf'
1761,0,0,inf,inf,'inf'
1762,0,0,inf,inf,'inf'
1763,0,0,inf,inf,'inf'
1764,0,0,inf,inf,'inf'
1765,0,0,inf,inf,'inf'
1766,0,0,inf,inf,'inf'
1767,0,0,inf,inf,'inf'
1768,0,0,inf,inf,'inf'
1769,0,0,inf,inf,'inf'
1770,0,0,inf,inf,'inf'
1771,0,0,inf,inf,'inf'
1772,0,0,inf,inf,'inf'
1773,0,0,inf,inf,'inf'
1774,0,0,inf,inf,'inf'
1775,0,0,inf,inf,'inf'
1776,0,0,inf,inf,'inf'
1777,0,0,inf,inf,'inf'
1778,0,0,inf,inf,'inf'
1779,0,0,inf,inf,'inf'
1780,0,0,inf,inf,'inf'
1781,0,0,inf,inf,'inf'
1782,0,0,inf,inf,'inf'
1783,0,0,inf,inf,'inf'
1784,0,0,inf,inf,'inf'
1785,0,0,inf,inf,'inf'
1786,0,0,inf,inf,'inf'
1787,0,0,inf,inf,'inf'
1788,0,0,inf,inf,'inf'
1789,0,0,inf,inf,'inf'
1790,0,0,inf,inf,'inf'
1791,0,0,inf,inf,'inf'
1792,0,0,inf,inf,'inf'
1793,0,0,inf,inf,'inf'
1794,0,0,inf,inf,'inf'
1795,0,0,inf,inf,'inf'
1796,0,0,inf,inf,'inf'
1797,0,0,inf,inf,'inf'
1798,0,0,inf,inf,'inf'
1799,0,0,inf,inf,'inf'
1800,0,0,inf,inf,'inf'
